Nom,Match_Date,Fatigue_Score,ACWR,Fatigue_Index,Medical_Risk_Score,Injury_Risk,Risk_Level,Risk_Emoji,Risk_Message
Tosin Adarabioyo,2026-04-26,18.9,1.51,0.4,0.3,0.611,MODÉRÉ,🟠,Surveiller la charge d'entraînement
Jacen Russell Rowe,2026-04-25,16.8,1.51,0.338,0.253,0.611,MODÉRÉ,🟠,Surveiller la charge d'entraînement
Zyan Blake,2026-04-03,24.2,1.51,0.551,0.413,0.605,MODÉRÉ,🟠,Surveiller la charge d'entraînement
Lukas Nmecha,2026-04-26,17.7,0.62,0.249,0.187,0.077,FAIBLE,🟢,Joueur en bonne condition physique
Sergio Camello,2026-04-26,23.9,2.0,0.213,0.16,0.04,FAIBLE,🟢,Joueur en bonne condition physique
Tijjani Reijnders,2026-04-25,15.1,1.6,0.231,0.173,0.04,FAIBLE,🟢,Joueur en bonne condition physique
Sam Johnstone,2026-03-06,19.5,1.83,0.2,0.15,0.04,FAIBLE,🟢,Joueur en bonne condition physique
Bryan Gil,2026-04-25,20.4,0.57,0.253,0.19,0.04,FAIBLE,🟢,Joueur en bonne condition physique
Roony Bardghji,2026-04-25,23.6,1.92,0.258,0.193,0.04,FAIBLE,🟢,Joueur en bonne condition physique
Freddie Potts,2026-04-25,19.8,0.58,0.251,0.188,0.037,FAIBLE,🟢,Joueur en bonne condition physique
Kaïl Boudache,2026-04-26,16.1,0.57,0.131,0.098,0.037,FAIBLE,🟢,Joueur en bonne condition physique
Ilia Gruev,2026-04-18,20.7,0.58,0.276,0.207,0.037,FAIBLE,🟢,Joueur en bonne condition physique
Toni Lato,2026-04-25,19.3,0.57,0.224,0.168,0.037,FAIBLE,🟢,Joueur en bonne condition physique
Alvaro Odriozola,2026-02-21,26.1,0.44,0.231,0.173,0.037,FAIBLE,🟢,Joueur en bonne condition physique
Carlos Álvarez,2026-04-27,19.5,0.61,0.287,0.215,0.037,FAIBLE,🟢,Joueur en bonne condition physique
Myles Lewis-Skelly,2026-04-25,23.2,0.49,0.22,0.165,0.037,FAIBLE,🟢,Joueur en bonne condition physique
Chadi Riad,2026-04-25,22.8,0.42,0.109,0.082,0.037,FAIBLE,🟢,Joueur en bonne condition physique
Nathan Ake,2026-04-25,12.2,1.52,0.202,0.152,0.035,FAIBLE,🟢,Joueur en bonne condition physique
Emil Krafth,2025-11-18,14.9,1.57,0.244,0.183,0.032,FAIBLE,🟢,Joueur en bonne condition physique
Alfie Harrison,2026-01-16,17.8,0.61,0.236,0.177,0.029,FAIBLE,🟢,Joueur en bonne condition physique
Jones El-Abdellaoui,2026-04-26,24.5,0.45,0.2,0.15,0.029,FAIBLE,🟢,Joueur en bonne condition physique
Dário Essugo,2026-04-26,21.6,0.45,0.118,0.088,0.029,FAIBLE,🟢,Joueur en bonne condition physique
Ayoze Perez,2026-04-26,21.1,0.54,0.231,0.173,0.029,FAIBLE,🟢,Joueur en bonne condition physique
James Wright,2026-04-16,25.5,0.43,0.2,0.15,0.029,FAIBLE,🟢,Joueur en bonne condition physique
Armando Broja,2026-04-22,16.1,0.56,0.118,0.088,0.029,FAIBLE,🟢,Joueur en bonne condition physique
Andrés Antañón,2026-04-26,16.9,0.64,0.253,0.19,0.029,FAIBLE,🟢,Joueur en bonne condition physique
Isco,2026-04-24,14.0,0.63,0.158,0.118,0.027,FAIBLE,🟢,Joueur en bonne condition physique
Fabio Carvalho,2025-11-09,18.2,0.59,0.22,0.165,0.024,FAIBLE,🟢,Joueur en bonne condition physique
Nelson Deossa,2026-04-24,22.3,0.44,0.124,0.093,0.024,FAIBLE,🟢,Joueur en bonne condition physique
Dani Carvajal,2026-04-24,21.1,0.56,0.26,0.195,0.024,FAIBLE,🟢,Joueur en bonne condition physique
Kevin Carlos Omoruyi,2026-04-26,26.6,0.42,0.218,0.163,0.024,FAIBLE,🟢,Joueur en bonne condition physique
Callum Wilson,2026-04-25,14.5,0.63,0.171,0.128,0.024,FAIBLE,🟢,Joueur en bonne condition physique
Chidozie Awaziem,2026-04-26,35.3,0.25,0.224,0.168,0.024,FAIBLE,🟢,Joueur en bonne condition physique
Luc Zogbé,2026-04-24,12.4,1.5,0.22,0.165,0.024,FAIBLE,🟢,Joueur en bonne condition physique
Fodé Ballo-Touré,2026-04-10,30.8,0.31,0.18,0.135,0.021,FAIBLE,🟢,Joueur en bonne condition physique
Charles Vanhoutte,2026-04-26,31.1,0.37,0.273,0.205,0.021,FAIBLE,🟢,Joueur en bonne condition physique
Jon Pacheco,2026-04-25,30.7,0.27,0.12,0.09,0.021,FAIBLE,🟢,Joueur en bonne condition physique
Trey Nyoni,2026-04-26,37.9,2.51,0.269,0.202,0.021,FAIBLE,🟢,Joueur en bonne condition physique
Abu Kamara,2026-04-25,12.8,0.63,0.122,0.092,0.019,FAIBLE,🟢,Joueur en bonne condition physique
Bertrand Traore,2026-03-03,30.7,0.39,0.291,0.218,0.016,FAIBLE,🟢,Joueur en bonne condition physique
John Stones,2026-04-25,22.5,1.96,0.2,0.15,0.016,FAIBLE,🟢,Joueur en bonne condition physique
Mateo Kovačić,2026-04-25,20.0,1.93,0.149,0.112,0.016,FAIBLE,🟢,Joueur en bonne condition physique
Freddie Woodman,2026-04-25,35.1,2.39,0.271,0.203,0.016,FAIBLE,🟢,Joueur en bonne condition physique
Javi Morcillo,2026-04-22,29.5,0.4,0.271,0.203,0.016,FAIBLE,🟢,Joueur en bonne condition physique
Ibrahim Mbaye,2026-04-25,4.3,1.31,0.116,0.0,0.013,FAIBLE,🟢,Joueur en bonne condition physique
Olivier Giroud,2026-04-26,15.5,0.63,0.2,0.15,0.013,FAIBLE,🟢,Joueur en bonne condition physique
Marco Bizot,2026-04-25,20.0,0.54,0.2,0.15,0.013,FAIBLE,🟢,Joueur en bonne condition physique
Goduine Koyalipou,2026-04-25,18.3,0.59,0.224,0.168,0.013,FAIBLE,🟢,Joueur en bonne condition physique
Tolu Arokodare,2026-04-25,25.5,0.49,0.287,0.215,0.013,FAIBLE,🟢,Joueur en bonne condition physique
Gaëtan Perrin,2026-04-26,24.9,0.45,0.211,0.158,0.013,FAIBLE,🟢,Joueur en bonne condition physique
Timothee Pembele,2026-04-26,15.9,0.62,0.198,0.148,0.013,FAIBLE,🟢,Joueur en bonne condition physique
João Palhinha,2026-04-25,15.4,0.65,0.227,0.17,0.013,FAIBLE,🟢,Joueur en bonne condition physique
Max Dowman,2026-04-25,24.0,0.44,0.171,0.128,0.013,FAIBLE,🟢,Joueur en bonne condition physique
Isak Jansson,2026-04-18,21.1,0.48,0.147,0.11,0.013,FAIBLE,🟢,Joueur en bonne condition physique
Julio Soler,2026-01-10,37.5,1.94,0.213,0.178,0.013,FAIBLE,🟢,Joueur en bonne condition physique
Asher Agbinone,2026-03-06,22.1,0.49,0.189,0.142,0.013,FAIBLE,🟢,Joueur en bonne condition physique
Iago Aspas,2026-04-26,10.1,0.8,0.289,0.0,0.011,FAIBLE,🟢,Joueur en bonne condition physique
Pedro Lima,2026-04-25,33.5,2.29,0.291,0.218,0.011,FAIBLE,🟢,Joueur en bonne condition physique
Tylel Tati,2026-04-05,13.5,0.73,0.287,0.0,0.011,FAIBLE,🟢,Joueur en bonne condition physique
Nobel Mendy,2026-04-26,11.1,1.38,0.264,0.0,0.011,FAIBLE,🟢,Joueur en bonne condition physique
Leo Shahar,2026-03-04,37.8,0.42,0.109,0.091,0.011,FAIBLE,🟢,Joueur en bonne condition physique
Loum Tchaouna,2026-04-22,14.3,1.58,0.22,0.165,0.011,FAIBLE,🟢,Joueur en bonne condition physique
Abdel Rahim,2026-04-26,14.4,1.54,0.251,0.188,0.011,FAIBLE,🟢,Joueur en bonne condition physique
Ryan Yates,2026-04-24,11.4,0.77,0.284,0.0,0.011,FAIBLE,🟢,Joueur en bonne condition physique
Alvaro Núñez,2026-04-26,8.2,0.75,0.164,0.0,0.011,FAIBLE,🟢,Joueur en bonne condition physique
Igor Silva,2026-04-26,33.5,0.29,0.229,0.172,0.008,FAIBLE,🟢,Joueur en bonne condition physique
Sebastiaan Bornauw,2026-04-26,34.3,0.22,0.151,0.113,0.008,FAIBLE,🟢,Joueur en bonne condition physique
Davinchi,2026-04-25,7.5,1.2,0.213,0.0,0.008,FAIBLE,🟢,Joueur en bonne condition physique
David Datro Fofana,2026-04-26,28.3,0.62,0.122,0.102,0.008,FAIBLE,🟢,Joueur en bonne condition physique
James McAtee,2026-04-24,33.7,0.24,0.164,0.123,0.008,FAIBLE,🟢,Joueur en bonne condition physique
Gerard Gumbau,2026-04-26,9.8,0.8,0.28,0.0,0.008,FAIBLE,🟢,Joueur en bonne condition physique
Savinho,2026-04-25,8.5,1.14,0.242,0.0,0.008,FAIBLE,🟢,Joueur en bonne condition physique
Omar Marmoush,2026-04-25,6.5,1.24,0.187,0.0,0.008,FAIBLE,🟢,Joueur en bonne condition physique
Phil Foden,2026-04-25,8.6,1.32,0.231,0.0,0.008,FAIBLE,🟢,Joueur en bonne condition physique
Rio Ngumoha,2026-04-25,15.0,0.67,0.244,0.183,0.008,FAIBLE,🟢,Joueur en bonne condition physique
David Möller Wolfe,2026-04-25,33.0,0.26,0.171,0.128,0.008,FAIBLE,🟢,Joueur en bonne condition physique
Radu Drăguşin,2026-04-25,29.6,0.36,0.218,0.163,0.008,FAIBLE,🟢,Joueur en bonne condition physique
Souleymane Isaak Touré,2025-01-26,32.2,0.28,0.176,0.132,0.008,FAIBLE,🟢,Joueur en bonne condition physique
Tuomas Ollila,2026-03-08,29.1,0.4,0.26,0.195,0.008,FAIBLE,🟢,Joueur en bonne condition physique
Christian Norgaard,2026-04-19,36.0,0.22,0.2,0.15,0.008,FAIBLE,🟢,Joueur en bonne condition physique
James Rowswell,2026-03-18,31.1,0.32,0.202,0.152,0.005,FAIBLE,🟢,Joueur en bonne condition physique
Fran García,2026-04-24,32.7,0.27,0.176,0.132,0.005,FAIBLE,🟢,Joueur en bonne condition physique
Jesse Derry,2026-04-26,25.0,0.44,0.2,0.15,0.005,FAIBLE,🟢,Joueur en bonne condition physique
Youssef El Arabi,2026-04-26,7.3,0.69,0.051,0.038,0.005,FAIBLE,🟢,Joueur en bonne condition physique
Abakar Sylla,2026-02-13,18.7,1.73,0.244,0.183,0.005,FAIBLE,🟢,Joueur en bonne condition physique
Paco Cortés,2026-04-27,4.7,1.22,0.133,0.0,0.005,FAIBLE,🟢,Joueur en bonne condition physique
Tai Abed,2026-04-27,5.0,0.89,0.144,0.0,0.005,FAIBLE,🟢,Joueur en bonne condition physique
Joel Roca,2026-04-25,9.2,0.93,0.264,0.0,0.005,FAIBLE,🟢,Joueur en bonne condition physique
Abdoulaye Bamba,2026-04-25,23.0,1.99,0.193,0.145,0.005,FAIBLE,🟢,Joueur en bonne condition physique
Pathé Mboup,2026-04-24,9.0,0.76,0.2,0.0,0.005,FAIBLE,🟢,Joueur en bonne condition physique
Etta Eyong,2026-04-27,9.9,0.85,0.284,0.0,0.005,FAIBLE,🟢,Joueur en bonne condition physique
Diego López,2026-04-25,9.7,1.29,0.278,0.0,0.005,FAIBLE,🟢,Joueur en bonne condition physique
Raúl Moro,2026-04-26,5.0,0.92,0.144,0.0,0.005,FAIBLE,🟢,Joueur en bonne condition physique
Kike Barja,2026-04-26,8.8,0.88,0.251,0.0,0.005,FAIBLE,🟢,Joueur en bonne condition physique
Hamza Igamane,2026-01-14,11.0,0.73,0.213,0.0,0.005,FAIBLE,🟢,Joueur en bonne condition physique
Robert Navarro,2026-04-25,6.2,0.84,0.176,0.0,0.005,FAIBLE,🟢,Joueur en bonne condition physique
Raúl García de Haro,2026-04-26,5.5,0.94,0.156,0.0,0.005,FAIBLE,🟢,Joueur en bonne condition physique
Ezra Mayers,2026-04-24,20.5,1.77,0.269,0.202,0.005,FAIBLE,🟢,Joueur en bonne condition physique
Yangel Herrera,2026-04-26,13.7,0.71,0.264,0.0,0.005,FAIBLE,🟢,Joueur en bonne condition physique
Tochukwu Nnadi,2026-04-26,21.5,1.92,0.198,0.148,0.005,FAIBLE,🟢,Joueur en bonne condition physique
Wilson Isidor,2026-04-24,6.6,1.1,0.189,0.0,0.005,FAIBLE,🟢,Joueur en bonne condition physique
Nick Pope,2026-04-25,19.7,1.84,0.2,0.15,0.005,FAIBLE,🟢,Joueur en bonne condition physique
Sergi Altimira,2026-04-24,33.3,0.29,0.224,0.168,0.005,FAIBLE,🟢,Joueur en bonne condition physique
Ander Guevara,2026-04-25,19.3,0.5,0.124,0.093,0.005,FAIBLE,🟢,Joueur en bonne condition physique
Mikel Vesga,2026-04-25,5.7,0.89,0.164,0.0,0.005,FAIBLE,🟢,Joueur en bonne condition physique
Arnaut Danjuma,2026-04-25,21.0,0.46,0.113,0.085,0.005,FAIBLE,🟢,Joueur en bonne condition physique
Max Kilman,2026-04-05,24.9,1.96,0.267,0.2,0.005,FAIBLE,🟢,Joueur en bonne condition physique
Lucas Cepeda,2026-04-26,23.7,0.46,0.191,0.143,0.005,FAIBLE,🟢,Joueur en bonne condition physique
Taiwo Awoniyi,2026-04-24,5.2,0.9,0.149,0.0,0.005,FAIBLE,🟢,Joueur en bonne condition physique
Randy Nteka,2026-04-12,24.6,2.0,0.233,0.175,0.005,FAIBLE,🟢,Joueur en bonne condition physique
Djibirin Harouna,2026-04-05,18.9,0.5,0.111,0.083,0.005,FAIBLE,🟢,Joueur en bonne condition physique
Alexei Rojas,2025-11-11,34.7,2.58,0.131,0.098,0.005,FAIBLE,🟢,Joueur en bonne condition physique
Fran González,2026-04-15,54.0,0.16,0.2,0.167,0.005,FAIBLE,🟢,Joueur en bonne condition physique
Unai Gómez,2026-04-25,9.8,1.45,0.18,0.0,0.005,FAIBLE,🟢,Joueur en bonne condition physique
Rubén Sánchez,2026-04-27,18.4,0.53,0.14,0.105,0.005,FAIBLE,🟢,Joueur en bonne condition physique
Amine Adli,2026-04-22,18.1,0.5,0.089,0.067,0.005,FAIBLE,🟢,Joueur en bonne condition physique
Charles Pickel,2026-04-27,9.5,0.89,0.271,0.0,0.005,FAIBLE,🟢,Joueur en bonne condition physique
Cristhian Stuani,2026-04-25,5.0,1.25,0.144,0.0,0.005,FAIBLE,🟢,Joueur en bonne condition physique
Anthony Elanga,2026-04-25,24.6,0.67,0.518,0.388,0.003,FAIBLE,🟢,Joueur en bonne condition physique
Julian Vignolo,2026-04-25,33.1,0.14,0.002,0.023,0.003,FAIBLE,🟢,Joueur en bonne condition physique
Benoît Badiashile,2026-03-14,27.8,0.73,0.267,0.022,0.003,FAIBLE,🟢,Joueur en bonne condition physique
Unai Marrero,2026-04-26,11.8,0.75,0.267,0.0,0.003,FAIBLE,🟢,Joueur en bonne condition physique
Waren Kamanzi,2026-04-25,25.3,0.54,0.351,0.263,0.003,FAIBLE,🟢,Joueur en bonne condition physique
Rodrigo Riquelme,2026-04-24,7.9,0.97,0.227,0.0,0.003,FAIBLE,🟢,Joueur en bonne condition physique
Calebe Gonçalves,2026-04-25,2.6,0.93,0.073,0.0,0.003,FAIBLE,🟢,Joueur en bonne condition physique
Christantus Uche,2026-03-05,13.2,0.57,0.049,0.037,0.003,FAIBLE,🟢,Joueur en bonne condition physique
Chemsdine Talbi,2026-04-24,27.3,0.45,0.28,0.21,0.003,FAIBLE,🟢,Joueur en bonne condition physique
Tyrese Noubissie,2026-04-26,21.9,0.47,0.153,0.115,0.003,FAIBLE,🟢,Joueur en bonne condition physique
Dani Parejo,2026-04-26,7.7,1.1,0.22,0.0,0.003,FAIBLE,🟢,Joueur en bonne condition physique
Alysson,2026-03-04,17.3,0.69,0.338,0.253,0.003,FAIBLE,🟢,Joueur en bonne condition physique
Rayan Fofana,2026-04-24,15.6,0.59,0.147,0.11,0.003,FAIBLE,🟢,Joueur en bonne condition physique
Kjetil Haug,2026-04-25,7.0,1.12,0.2,0.0,0.003,FAIBLE,🟢,Joueur en bonne condition physique
Diego Espinosa,2026-03-04,22.8,0.53,0.267,0.2,0.003,FAIBLE,🟢,Joueur en bonne condition physique
Martial Godo,2026-04-26,8.8,0.85,0.251,0.0,0.003,FAIBLE,🟢,Joueur en bonne condition physique
John Donald,2026-04-26,9.1,0.69,0.104,0.078,0.003,FAIBLE,🟢,Joueur en bonne condition physique
Maxime Dupé,2026-04-26,7.0,0.96,0.2,0.0,0.003,FAIBLE,🟢,Joueur en bonne condition physique
Joe Gomez,2026-04-25,26.0,0.6,0.458,0.343,0.003,FAIBLE,🟢,Joueur en bonne condition physique
Abdallah Sima,2026-04-24,8.0,1.16,0.229,0.0,0.003,FAIBLE,🟢,Joueur en bonne condition physique
Jørgen Strand Larsen,2026-04-25,22.8,0.68,0.48,0.36,0.003,FAIBLE,🟢,Joueur en bonne condition physique
Victor Lindelof,2026-04-25,32.0,0.3,0.2,0.15,0.003,FAIBLE,🟢,Joueur en bonne condition physique
Batista Mendy,2026-04-26,20.1,0.61,0.304,0.228,0.003,FAIBLE,🟢,Joueur en bonne condition physique
Peque Fernández,2026-04-26,8.1,0.72,0.118,0.0,0.003,FAIBLE,🟢,Joueur en bonne condition physique
Lyle Foster,2026-04-22,23.0,0.59,0.358,0.268,0.003,FAIBLE,🟢,Joueur en bonne condition physique
Santi Cazorla,2026-04-26,7.3,1.19,0.209,0.0,0.003,FAIBLE,🟢,Joueur en bonne condition physique
Soungoutou Magassa,2026-04-25,32.2,0.26,0.149,0.112,0.003,FAIBLE,🟢,Joueur en bonne condition physique
David Carmo,2026-04-26,5.0,0.85,0.144,0.0,0.003,FAIBLE,🟢,Joueur en bonne condition physique
Mahamadou Nagida,2026-04-26,19.5,0.64,0.329,0.247,0.003,FAIBLE,🟢,Joueur en bonne condition physique
Lamine Sy,2026-04-25,23.1,0.7,0.518,0.388,0.003,FAIBLE,🟢,Joueur en bonne condition physique
Lamare Bogarde,2026-04-25,7.5,1.2,0.213,0.0,0.003,FAIBLE,🟢,Joueur en bonne condition physique
Jesús Areso,2026-04-25,29.0,0.33,0.158,0.118,0.003,FAIBLE,🟢,Joueur en bonne condition physique
Adam Smith,2026-04-22,34.7,0.23,0.176,0.132,0.003,FAIBLE,🟢,Joueur en bonne condition physique
Ethan Nwaneri,2026-04-26,23.0,0.53,0.271,0.203,0.003,FAIBLE,🟢,Joueur en bonne condition physique
Willem Geubbels,2026-04-26,22.7,0.48,0.191,0.143,0.003,FAIBLE,🟢,Joueur en bonne condition physique
Tyler Adams,2026-04-22,26.2,0.61,0.476,0.357,0.003,FAIBLE,🟢,Joueur en bonne condition physique
Hamari Traore,2026-04-26,23.1,0.67,0.473,0.355,0.003,FAIBLE,🟢,Joueur en bonne condition physique
Oihan Sancet,2026-04-25,25.8,0.69,0.58,0.435,0.003,FAIBLE,🟢,Joueur en bonne condition physique
Bahereba Guirassy,2026-04-26,3.0,1.14,0.087,0.0,0.003,FAIBLE,🟢,Joueur en bonne condition physique
Bahmed Deuff,2026-04-26,28.0,0.42,0.258,0.193,0.003,FAIBLE,🟢,Joueur en bonne condition physique
Tammy Abraham,2026-04-25,7.2,0.74,0.12,0.0,0.003,FAIBLE,🟢,Joueur en bonne condition physique
Hamari Traoré,2026-04-26,23.1,0.67,0.473,0.355,0.003,FAIBLE,🟢,Joueur en bonne condition physique
Adam Karabec,2026-04-19,10.6,0.69,0.147,0.11,0.003,FAIBLE,🟢,Joueur en bonne condition physique
Joel Veltman,2026-04-21,4.3,1.11,0.124,0.0,0.003,FAIBLE,🟢,Joueur en bonne condition physique
Georginio Rutter,2026-04-21,13.7,1.46,0.284,0.0,0.003,FAIBLE,🟢,Joueur en bonne condition physique
Charalampos Kostoulas,2026-04-21,25.1,0.45,0.218,0.163,0.003,FAIBLE,🟢,Joueur en bonne condition physique
Jesús Vázquez,2026-04-25,28.7,0.35,0.178,0.133,0.003,FAIBLE,🟢,Joueur en bonne condition physique
Thiago Borbas,2026-04-26,9.7,1.41,0.202,0.0,0.003,FAIBLE,🟢,Joueur en bonne condition physique
Andrey Santos,2026-04-26,24.6,0.59,0.402,0.302,0.003,FAIBLE,🟢,Joueur en bonne condition physique
Nordan Mukiele,2026-04-26,6.6,0.74,0.104,0.0,0.003,FAIBLE,🟢,Joueur en bonne condition physique
Álex Forés,2026-03-21,0.8,0.94,0.022,0.0,0.003,FAIBLE,🟢,Joueur en bonne condition physique
Antonio Sánchez,2026-04-25,28.8,0.41,0.267,0.2,0.003,FAIBLE,🟢,Joueur en bonne condition physique
Thomas Partey,2026-04-26,19.8,0.7,0.422,0.317,0.003,FAIBLE,🟢,Joueur en bonne condition physique
César Azpilicueta,2026-03-21,25.7,0.69,0.578,0.433,0.003,FAIBLE,🟢,Joueur en bonne condition physique
Lucas Boyé,2026-04-25,23.5,0.57,0.342,0.257,0.003,FAIBLE,🟢,Joueur en bonne condition physique
Moi Gomez,2026-04-26,2.7,1.15,0.076,0.0,0.003,FAIBLE,🟢,Joueur en bonne condition physique
Nick Woltemade,2026-04-25,22.2,0.59,0.333,0.25,0.003,FAIBLE,🟢,Joueur en bonne condition physique
Matah Yondjio,2026-03-31,7.6,1.34,0.189,0.0,0.003,FAIBLE,🟢,Joueur en bonne condition physique
Marius Broholm,2026-03-31,6.8,0.95,0.193,0.0,0.003,FAIBLE,🟢,Joueur en bonne condition physique
Mateu Morey,2026-04-25,0.9,0.84,0.027,0.0,0.003,FAIBLE,🟢,Joueur en bonne condition physique
Abel Bretones,2026-04-26,2.9,0.85,0.084,0.0,0.003,FAIBLE,🟢,Joueur en bonne condition physique
Asier Osambela,2026-04-26,20.1,0.58,0.26,0.195,0.003,FAIBLE,🟢,Joueur en bonne condition physique
Hugo Duro,2026-04-25,21.9,0.64,0.396,0.297,0.003,FAIBLE,🟢,Joueur en bonne condition physique
Kian McMahon-Brown,2026-03-31,54.5,0.15,0.2,0.167,0.003,FAIBLE,🟢,Joueur en bonne condition physique
Iñigo Arguibide,2026-04-26,34.3,0.23,0.167,0.125,0.003,FAIBLE,🟢,Joueur en bonne condition physique
Jocelin Ta Bi,2026-02-22,25.3,0.68,0.551,0.413,0.003,FAIBLE,🟢,Joueur en bonne condition physique
Kelvin Amian,2026-04-05,24.6,0.56,0.36,0.27,0.003,FAIBLE,🟢,Joueur en bonne condition physique
Amadou Haidara,2026-04-24,22.3,0.46,0.151,0.113,0.003,FAIBLE,🟢,Joueur en bonne condition physique
Luca Netz,2026-04-24,1.8,0.91,0.051,0.0,0.003,FAIBLE,🟢,Joueur en bonne condition physique
Mario Sauer,2026-04-25,2.8,0.9,0.08,0.0,0.003,FAIBLE,🟢,Joueur en bonne condition physique
Sambou Soumano,2026-04-26,10.1,0.7,0.147,0.11,0.003,FAIBLE,🟢,Joueur en bonne condition physique
Dilane Bakwa,2026-04-24,10.2,0.79,0.276,0.0,0.003,FAIBLE,🟢,Joueur en bonne condition physique
Lutsharel Geertruida,2026-04-24,34.7,0.22,0.162,0.122,0.003,FAIBLE,🟢,Joueur en bonne condition physique
Stanis Idumbo Muzambo,2026-04-10,5.3,0.89,0.151,0.0,0.003,FAIBLE,🟢,Joueur en bonne condition physique
Sofiane Boufal,2026-04-26,25.0,0.7,0.571,0.428,0.003,FAIBLE,🟢,Joueur en bonne condition physique
Adama Boiro,2026-04-25,2.8,1.06,0.08,0.0,0.003,FAIBLE,🟢,Joueur en bonne condition physique
Julio Díaz,2026-04-25,14.7,0.71,0.291,0.0,0.003,FAIBLE,🟢,Joueur en bonne condition physique
Alphonse Aréola,2026-04-25,32.2,0.34,0.264,0.198,0.003,FAIBLE,🟢,Joueur en bonne condition physique
Sean Longstaff,2026-04-26,3.3,0.9,0.093,0.0,0.003,FAIBLE,🟢,Joueur en bonne condition physique
Jackson Tchatchoua,2026-04-25,25.5,0.66,0.529,0.397,0.003,FAIBLE,🟢,Joueur en bonne condition physique
Shea Lacey,2026-04-27,9.0,0.74,0.171,0.0,0.003,FAIBLE,🟢,Joueur en bonne condition physique
Louis Mouton,2026-04-25,20.5,0.63,0.344,0.258,0.003,FAIBLE,🟢,Joueur en bonne condition physique
Ethan Mbappé,2026-04-26,22.1,0.61,0.36,0.27,0.003,FAIBLE,🟢,Joueur en bonne condition physique
Frenkie de Jong,2026-04-25,22.3,0.6,0.351,0.263,0.003,FAIBLE,🟢,Joueur en bonne condition physique
Tyler Dibling,2026-04-25,20.7,0.53,0.207,0.155,0.003,FAIBLE,🟢,Joueur en bonne condition physique
Hugo Rincón,2026-04-25,26.0,0.52,0.342,0.257,0.003,FAIBLE,🟢,Joueur en bonne condition physique
Antonio Salguero,2025-11-23,19.3,0.6,0.267,0.2,0.003,FAIBLE,🟢,Joueur en bonne condition physique
Hwang Hee-chan,2026-04-25,18.9,0.63,0.296,0.222,0.003,FAIBLE,🟢,Joueur en bonne condition physique
Ronald Araújo,2026-04-25,18.4,0.66,0.327,0.245,0.003,FAIBLE,🟢,Joueur en bonne condition physique
Álvaro Cortés,2026-04-25,38.5,0.03,0.0,0.023,0.003,FAIBLE,🟢,Joueur en bonne condition physique
Enzo Faty,2026-02-04,18.8,0.51,0.124,0.093,0.003,FAIBLE,🟢,Joueur en bonne condition physique
Ali Abdi,2026-04-26,25.4,0.5,0.296,0.222,0.003,FAIBLE,🟢,Joueur en bonne condition physique
Ian Maatsen,2026-04-25,8.5,0.76,0.187,0.0,0.003,FAIBLE,🟢,Joueur en bonne condition physique
Donny van de Beek,2025-09-23,6.6,0.89,0.189,0.0,0.003,FAIBLE,🟢,Joueur en bonne condition physique
Florent Hanin,2026-04-25,13.2,0.69,0.22,0.165,0.003,FAIBLE,🟢,Joueur en bonne condition physique
Pau Cabanes,2025-08-24,22.0,0.52,0.229,0.172,0.003,FAIBLE,🟢,Joueur en bonne condition physique
Nico Salvador,2026-01-31,18.5,0.53,0.142,0.107,0.003,FAIBLE,🟢,Joueur en bonne condition physique
Antoniu Roca,2026-04-27,20.0,2.08,0.047,0.035,0.003,FAIBLE,🟢,Joueur en bonne condition physique
Joseph Mangondo,2025-05-10,12.8,0.7,0.224,0.168,0.003,FAIBLE,🟢,Joueur en bonne condition physique
Pol Lozano,2026-04-27,24.9,0.64,0.484,0.363,0.003,FAIBLE,🟢,Joueur en bonne condition physique
Carlos Martín,2026-04-26,11.1,1.41,0.244,0.0,0.003,FAIBLE,🟢,Joueur en bonne condition physique
Tyrone Mings,2026-04-25,7.0,0.83,0.2,0.0,0.003,FAIBLE,🟢,Joueur en bonne condition physique
Oscar Bobb,2026-04-25,26.3,0.55,0.393,0.295,0.003,FAIBLE,🟢,Joueur en bonne condition physique
Joshua King,2026-04-25,21.1,0.67,0.418,0.313,0.003,FAIBLE,🟢,Joueur en bonne condition physique
Salvi Esquivel,2026-04-25,7.0,1.14,0.2,0.0,0.003,FAIBLE,🟢,Joueur en bonne condition physique
Lanre Awesu,2026-02-13,11.7,1.5,0.2,0.15,0.003,FAIBLE,🟢,Joueur en bonne condition physique
Ernest Nuamah,2025-04-05,24.9,0.67,0.527,0.395,0.003,FAIBLE,🟢,Joueur en bonne condition physique
Aleksandr Golovin,2026-04-25,22.5,0.7,0.5,0.375,0.003,FAIBLE,🟢,Joueur en bonne condition physique
Clement Akpa,2026-04-25,14.5,0.68,0.244,0.183,0.003,FAIBLE,🟢,Joueur en bonne condition physique
Joe Worrall,2026-04-22,34.8,0.13,0.036,0.027,0.0,FAIBLE,🟢,Joueur en bonne condition physique
Tanguy Ndombélé,2026-04-22,11.1,0.89,0.316,0.0,0.0,FAIBLE,🟢,Joueur en bonne condition physique
Fran Beltrán,2026-04-25,30.2,0.59,0.564,0.423,0.0,FAIBLE,🟢,Joueur en bonne condition physique
Bafodé Diakité,2026-04-22,40.0,0.0,0.0,0.023,0.0,FAIBLE,🟢,Joueur en bonne condition physique
Mike Trésor,2026-04-22,3.2,0.86,0.091,0.0,0.0,FAIBLE,🟢,Joueur en bonne condition physique
Hjalmar Ekdal,2026-04-22,27.6,1.58,0.6,0.45,0.0,FAIBLE,🟢,Joueur en bonne condition physique
Bashir Humphreys,2026-04-22,26.7,0.91,0.764,0.0,0.0,FAIBLE,🟢,Joueur en bonne condition physique
Fermín López,2026-04-25,25.2,1.11,0.72,0.0,0.0,FAIBLE,🟢,Joueur en bonne condition physique
Vitor Reis,2026-04-25,28.0,1.06,0.8,0.0,0.0,FAIBLE,🟢,Joueur en bonne condition physique
Dani Martinez,2026-04-22,10.5,0.73,0.2,0.0,0.0,FAIBLE,🟢,Joueur en bonne condition physique
Lesley Ugochukwu,2026-04-22,23.1,0.69,0.502,0.377,0.0,FAIBLE,🟢,Joueur en bonne condition physique
Zian Flemming,2026-04-22,33.7,1.1,0.964,0.54,0.0,FAIBLE,🟢,Joueur en bonne condition physique
Lamine Yamal,2026-04-22,31.4,0.89,0.898,0.54,0.0,FAIBLE,🟢,Joueur en bonne condition physique
Quilindschy Hartman,2026-04-22,33.9,1.33,0.947,0.54,0.0,FAIBLE,🟢,Joueur en bonne condition physique
Marc Casadó,2026-04-25,23.1,0.41,0.104,0.078,0.0,FAIBLE,🟢,Joueur en bonne condition physique
Théo De Percin,2026-04-25,21.8,1.08,0.622,0.0,0.0,FAIBLE,🟢,Joueur en bonne condition physique
Lucas Pires,2026-04-22,37.4,0.37,0.453,0.34,0.0,FAIBLE,🟢,Joueur en bonne condition physique
Martin Dúbravka,2026-04-22,35.0,1.0,1.0,0.54,0.0,FAIBLE,🟢,Joueur en bonne condition physique
Max Weiss,2026-04-22,38.5,0.03,0.0,0.023,0.0,FAIBLE,🟢,Joueur en bonne condition physique
Florentino Luís,2026-04-22,13.4,0.94,0.384,0.0,0.0,FAIBLE,🟢,Joueur en bonne condition physique
Maghnes Akliouche,2026-04-25,25.9,1.13,0.74,0.0,0.0,FAIBLE,🟢,Joueur en bonne condition physique
Jaidon Anthony,2026-04-22,34.2,1.0,0.978,0.54,0.0,FAIBLE,🟢,Joueur en bonne condition physique
Josh Laurent,2026-04-22,23.2,1.08,0.664,0.0,0.0,FAIBLE,🟢,Joueur en bonne condition physique
Elijah Campbell,2026-04-22,43.7,1.15,0.82,0.6,0.0,FAIBLE,🟢,Joueur en bonne condition physique
Daley Blind,2026-04-25,32.1,0.92,0.918,0.54,0.0,FAIBLE,🟢,Joueur en bonne condition physique
Antoine Semenyo,2026-04-22,31.5,0.99,0.9,0.54,0.0,FAIBLE,🟢,Joueur en bonne condition physique
Arnau Martínez,2026-04-25,32.9,1.03,0.94,0.54,0.0,FAIBLE,🟢,Joueur en bonne condition physique
Marquinhos,2026-04-22,21.0,1.15,0.6,0.0,0.0,FAIBLE,🟢,Joueur en bonne condition physique
Axel Witsel,2026-04-25,32.9,1.1,0.94,0.54,0.0,FAIBLE,🟢,Joueur en bonne condition physique
Maxime Estève,2026-04-22,33.7,1.01,0.964,0.54,0.0,FAIBLE,🟢,Joueur en bonne condition physique
Bukayo Saka,2026-04-25,27.9,0.77,0.753,0.0,0.0,FAIBLE,🟢,Joueur en bonne condition physique
David Raya,2026-04-25,35.0,1.18,1.0,0.54,0.0,FAIBLE,🟢,Joueur en bonne condition physique
Jules Koundé,2026-04-25,24.4,1.06,0.696,0.0,0.0,FAIBLE,🟢,Joueur en bonne condition physique
Elisha Owusu,2026-04-25,31.5,1.1,0.9,0.54,0.0,FAIBLE,🟢,Joueur en bonne condition physique
Nikola Milenković,2026-04-24,26.5,1.07,0.756,0.0,0.0,FAIBLE,🟢,Joueur en bonne condition physique
Granit Xhaka,2026-04-24,31.5,1.13,0.9,0.54,0.0,FAIBLE,🟢,Joueur en bonne condition physique
Harrison Dudziak,2026-04-25,21.6,0.89,0.618,0.0,0.0,FAIBLE,🟢,Joueur en bonne condition physique
Álex Sancris,2026-04-25,23.9,2.27,0.031,0.023,0.0,FAIBLE,🟢,Joueur en bonne condition physique
Dan Ndoye,2026-04-24,20.6,0.7,0.447,0.0,0.0,FAIBLE,🟢,Joueur en bonne condition physique
Luis Rioja,2026-04-25,28.0,1.01,0.8,0.0,0.0,FAIBLE,🟢,Joueur en bonne condition physique
Ruben Aguilar,2026-04-24,10.3,0.94,0.293,0.0,0.0,FAIBLE,🟢,Joueur en bonne condition physique
Neco Williams,2026-04-24,30.2,1.06,0.864,0.54,0.0,FAIBLE,🟢,Joueur en bonne condition physique
Folarin Balogun,2026-04-25,28.7,1.07,0.82,0.54,0.0,FAIBLE,🟢,Joueur en bonne condition physique
Valentín Castellanos,2026-04-25,30.7,1.03,0.878,0.54,0.0,FAIBLE,🟢,Joueur en bonne condition physique
Enzo Le Fée,2026-04-24,29.2,1.03,0.833,0.54,0.0,FAIBLE,🟢,Joueur en bonne condition physique
Luke O'Nien,2026-04-24,23.0,0.82,0.658,0.0,0.0,FAIBLE,🟢,Joueur en bonne condition physique
Iván Romero,2026-04-23,23.3,1.18,0.667,0.0,0.0,FAIBLE,🟢,Joueur en bonne condition physique
Kareem Tunde,2026-04-23,24.1,0.93,0.689,0.0,0.0,FAIBLE,🟢,Joueur en bonne condition physique
Thiago Almada,2026-04-22,29.0,0.86,0.4,0.033,0.0,FAIBLE,🟢,Joueur en bonne condition physique
Dani Olmo,2026-04-25,27.9,1.2,0.796,0.0,0.0,FAIBLE,🟢,Joueur en bonne condition physique
Kyle Walker,2026-04-22,28.4,1.09,0.811,0.54,0.0,FAIBLE,🟢,Joueur en bonne condition physique
Jorge Benito,2026-04-22,40.0,0.0,0.0,0.023,0.0,FAIBLE,🟢,Joueur en bonne condition physique
Fabián Ruiz,2026-04-25,22.9,0.75,0.584,0.0,0.0,FAIBLE,🟢,Joueur en bonne condition physique
Iván Martín,2026-04-25,26.9,1.24,0.769,0.0,0.0,FAIBLE,🟢,Joueur en bonne condition physique
Alejandro Balde,2026-04-25,13.4,0.76,0.327,0.0,0.0,FAIBLE,🟢,Joueur en bonne condition physique
Marcus Edwards,2026-04-22,18.2,0.72,0.407,0.0,0.0,FAIBLE,🟢,Joueur en bonne condition physique
Diego Kochen,2026-04-22,40.0,0.0,0.0,0.023,0.0,FAIBLE,🟢,Joueur en bonne condition physique
Eric García,2026-04-22,33.2,1.22,0.949,0.54,0.0,FAIBLE,🟢,Joueur en bonne condition physique
Tajon Buchanan,2026-04-23,18.6,1.09,0.531,0.0,0.0,FAIBLE,🟢,Joueur en bonne condition physique
Santiago Mouriño,2026-04-23,32.0,0.98,0.913,0.54,0.0,FAIBLE,🟢,Joueur en bonne condition physique
Augusto Batalla,2026-04-23,33.5,0.55,0.6,0.45,0.0,FAIBLE,🟢,Joueur en bonne condition physique
Fabio Cardoso,2026-04-23,37.5,0.05,0.0,0.023,0.0,FAIBLE,🟢,Joueur en bonne condition physique
Miguel Narvaez,2026-04-23,40.0,0.0,0.0,0.023,0.0,FAIBLE,🟢,Joueur en bonne condition physique
Mauro Arambarri,2026-04-25,32.6,0.99,0.931,0.54,0.0,FAIBLE,🟢,Joueur en bonne condition physique
Miguel Londoño,2026-04-23,40.0,0.0,0.0,0.023,0.0,FAIBLE,🟢,Joueur en bonne condition physique
Uroš Radaković,2026-04-22,38.5,0.03,0.0,0.023,0.0,FAIBLE,🟢,Joueur en bonne condition physique
Cucho Hernández,2026-04-24,27.4,0.81,0.782,0.0,0.0,FAIBLE,🟢,Joueur en bonne condition physique
Adrien Truffert,2026-04-22,35.0,1.01,1.0,0.54,0.0,FAIBLE,🟢,Joueur en bonne condition physique
Arda Güler,2026-04-21,24.6,0.96,0.702,0.0,0.0,FAIBLE,🟢,Joueur en bonne condition physique
Bart Verbruggen,2026-04-21,28.0,1.08,0.8,0.0,0.0,FAIBLE,🟢,Joueur en bonne condition physique
Kaoru Mitoma,2026-04-21,20.4,1.11,0.584,0.0,0.0,FAIBLE,🟢,Joueur en bonne condition physique
Aitor Mañas,2026-04-21,32.4,0.17,0.027,0.023,0.0,FAIBLE,🟢,Joueur en bonne condition physique
Adrián,2026-04-21,40.0,0.0,0.0,0.023,0.0,FAIBLE,🟢,Joueur en bonne condition physique
Gaëtan Bakhouche,2026-04-21,40.0,0.0,0.0,0.023,0.0,FAIBLE,🟢,Joueur en bonne condition physique
Pedri,2026-04-25,31.4,1.12,0.896,0.54,0.0,FAIBLE,🟢,Joueur en bonne condition physique
Marash Kumbulla,2026-04-21,29.4,0.38,0.24,0.18,0.0,FAIBLE,🟢,Joueur en bonne condition physique
Dani Ceballos,2026-04-21,35.6,0.1,0.018,0.023,0.0,FAIBLE,🟢,Joueur en bonne condition physique
Danny Welbeck,2026-04-21,29.0,0.74,0.742,0.0,0.0,FAIBLE,🟢,Joueur en bonne condition physique
Viktor Tsygankov,2026-04-25,35.0,1.0,1.0,0.54,0.0,FAIBLE,🟢,Joueur en bonne condition physique
Juan Cruz,2026-04-21,3.5,1.19,0.1,0.0,0.0,FAIBLE,🟢,Joueur en bonne condition physique
Joan García,2026-04-25,35.0,1.04,1.0,0.54,0.0,FAIBLE,🟢,Joueur en bonne condition physique
Lassine Sinayoko,2026-04-25,33.8,0.94,0.967,0.54,0.0,FAIBLE,🟢,Joueur en bonne condition physique
David Lopez,2026-04-25,29.0,0.22,0.0,0.023,0.0,FAIBLE,🟢,Joueur en bonne condition physique
Ricard Artero,2026-04-25,40.0,0.0,0.0,0.023,0.0,FAIBLE,🟢,Joueur en bonne condition physique
Eder Aller,2026-04-25,32.0,0.16,0.0,0.023,0.0,FAIBLE,🟢,Joueur en bonne condition physique
Jason Steele,2026-04-21,39.0,0.02,0.0,0.023,0.0,FAIBLE,🟢,Joueur en bonne condition physique
Javier Boñar,2026-04-25,39.5,0.59,0.4,0.333,0.0,FAIBLE,🟢,Joueur en bonne condition physique
Jon Karrikaburu,2026-04-22,11.3,1.75,0.02,0.023,0.0,FAIBLE,🟢,Joueur en bonne condition physique
Yasin Ayari,2026-04-21,26.9,0.82,0.769,0.0,0.0,FAIBLE,🟢,Joueur en bonne condition physique
João Gomes,2026-04-25,34.6,1.08,0.989,0.54,0.0,FAIBLE,🟢,Joueur en bonne condition physique
Lewis Dunk,2026-04-21,36.5,0.63,0.8,0.54,0.0,FAIBLE,🟢,Joueur en bonne condition physique
Maxim De Cuyper,2026-04-21,13.0,0.79,0.358,0.0,0.0,FAIBLE,🟢,Joueur en bonne condition physique
Olivier Boscagli,2026-04-21,24.3,1.44,0.6,0.0,0.0,FAIBLE,🟢,Joueur en bonne condition physique
Jan Paul van Hecke,2026-04-21,29.9,1.05,0.853,0.54,0.0,FAIBLE,🟢,Joueur en bonne condition physique
Igor Júlio,2026-04-21,39.0,0.02,0.0,0.023,0.0,FAIBLE,🟢,Joueur en bonne condition physique
Matt O'Riley,2026-04-21,13.8,0.55,0.038,0.028,0.0,FAIBLE,🟢,Joueur en bonne condition physique
Angel Gomes,2026-04-25,21.5,0.69,0.456,0.342,0.0,FAIBLE,🟢,Joueur en bonne condition physique
Julián Alvarez,2026-04-25,23.3,0.83,0.667,0.0,0.0,FAIBLE,🟢,Joueur en bonne condition physique
Pascal Groß,2026-04-21,26.5,1.07,0.758,0.0,0.0,FAIBLE,🟢,Joueur en bonne condition physique
Mikel Jauregizar,2026-04-21,26.5,1.11,0.756,0.0,0.0,FAIBLE,🟢,Joueur en bonne condition physique
Daniel Bentley,2026-04-25,11.7,1.5,0.2,0.0,0.0,FAIBLE,🟢,Joueur en bonne condition physique
Marc Guiu,2026-04-21,2.8,1.36,0.04,0.0,0.0,FAIBLE,🟢,Joueur en bonne condition physique
Ilane Touré,2026-04-25,36.0,0.08,0.0,0.023,0.0,FAIBLE,🟢,Joueur en bonne condition physique
Ferdi Kadıoğlu,2026-04-21,35.0,1.0,1.0,0.54,0.0,FAIBLE,🟢,Joueur en bonne condition physique
Carlos Baleba,2026-04-21,15.3,1.25,0.438,0.0,0.0,FAIBLE,🟢,Joueur en bonne condition physique
Gerard Martín,2026-04-25,31.5,1.04,0.9,0.54,0.0,FAIBLE,🟢,Joueur en bonne condition physique
Éder Militão,2026-04-21,20.0,0.97,0.571,0.0,0.0,FAIBLE,🟢,Joueur en bonne condition physique
Aurélien Tchouaméni,2026-04-21,19.7,0.87,0.564,0.0,0.0,FAIBLE,🟢,Joueur en bonne condition physique
Yago Santiago,2026-04-22,22.3,0.39,0.051,0.038,0.0,FAIBLE,🟢,Joueur en bonne condition physique
Eli Junior Kroupi,2026-04-22,25.0,1.08,0.713,0.0,0.0,FAIBLE,🟢,Joueur en bonne condition physique
Facundo Buonanotte,2026-04-22,33.5,0.2,0.1,0.075,0.0,FAIBLE,🟢,Joueur en bonne condition physique
Evanilson,2026-04-22,34.9,1.06,0.996,0.54,0.0,FAIBLE,🟢,Joueur en bonne condition physique
Joseph Aidoo,2026-04-22,35.0,0.52,0.6,0.45,0.0,FAIBLE,🟢,Joueur en bonne condition physique
Uros Radakovic,2026-04-22,38.5,0.03,0.0,0.023,0.0,FAIBLE,🟢,Joueur en bonne condition physique
David Brooks,2026-04-22,21.4,1.2,0.611,0.0,0.0,FAIBLE,🟢,Joueur en bonne condition physique
Alejandro Iturbe,2026-04-22,40.0,0.0,0.0,0.023,0.0,FAIBLE,🟢,Joueur en bonne condition physique
Álex Jiménez,2026-04-22,26.6,1.12,0.76,0.0,0.0,FAIBLE,🟢,Joueur en bonne condition physique
Ben Gannon-Doak,2026-04-22,24.0,0.36,0.058,0.043,0.0,FAIBLE,🟢,Joueur en bonne condition physique
James Hill,2026-04-22,35.0,1.0,1.0,0.54,0.0,FAIBLE,🟢,Joueur en bonne condition physique
Declan Rice,2026-04-25,35.0,1.02,1.0,0.54,0.0,FAIBLE,🟢,Joueur en bonne condition physique
Alex Scott,2026-04-22,35.0,1.0,1.0,0.54,0.0,FAIBLE,🟢,Joueur en bonne condition physique
Alejandro Francés,2026-04-25,10.5,0.99,0.3,0.0,0.0,FAIBLE,🟢,Joueur en bonne condition physique
Ollie Watkins,2026-04-25,31.2,1.04,0.891,0.54,0.0,FAIBLE,🟢,Joueur en bonne condition physique
Enes Unal,2026-04-22,16.4,0.51,0.053,0.04,0.0,FAIBLE,🟢,Joueur en bonne condition physique
Willian Pacho,2026-04-25,43.0,0.9,0.8,0.06,0.0,FAIBLE,🟢,Joueur en bonne condition physique
Marcos Senesi,2026-04-22,35.0,1.01,1.0,0.54,0.0,FAIBLE,🟢,Joueur en bonne condition physique
Ryan Christie,2026-04-22,23.7,1.14,0.678,0.0,0.0,FAIBLE,🟢,Joueur en bonne condition physique
Ferran Torres,2026-04-25,19.1,0.78,0.516,0.0,0.0,FAIBLE,🟢,Joueur en bonne condition physique
Vladyslav Krapyvtsov,2026-04-25,40.0,0.0,0.0,0.023,0.0,FAIBLE,🟢,Joueur en bonne condition physique
Robert Lewandowski,2026-04-25,12.2,1.17,0.349,0.0,0.0,FAIBLE,🟢,Joueur en bonne condition physique
Jean-Clair Todibo,2026-04-25,40.5,0.27,0.4,0.3,0.0,FAIBLE,🟢,Joueur en bonne condition physique
James Ward-Prowse,2026-04-22,34.1,1.18,0.973,0.54,0.0,FAIBLE,🟢,Joueur en bonne condition physique
Christos Mandas,2026-04-22,40.0,0.0,0.0,0.023,0.0,FAIBLE,🟢,Joueur en bonne condition physique
Pablo Gavi,2026-04-25,23.0,1.3,0.656,0.0,0.0,FAIBLE,🟢,Joueur en bonne condition physique
Williot Swedberg,2026-04-22,17.3,0.95,0.493,0.0,0.0,FAIBLE,🟢,Joueur en bonne condition physique
Oliver Scarles,2026-04-25,32.7,0.17,0.033,0.025,0.0,FAIBLE,🟢,Joueur en bonne condition physique
Matias Vecino,2026-04-22,19.5,0.75,0.487,0.0,0.0,FAIBLE,🟢,Joueur en bonne condition physique
Alex Tóth,2026-04-22,13.7,0.74,0.307,0.0,0.0,FAIBLE,🟢,Joueur en bonne condition physique
Marcus Tavernier,2026-04-22,34.9,1.07,0.996,0.54,0.0,FAIBLE,🟢,Joueur en bonne condition physique
Wojciech Szczęsny,2026-04-25,36.0,0.08,0.0,0.023,0.0,FAIBLE,🟢,Joueur en bonne condition physique
Xavi Espart,2026-04-25,39.0,0.02,0.0,0.023,0.0,FAIBLE,🟢,Joueur en bonne condition physique
Sékou Doucoure,2026-04-22,27.0,0.33,0.1,0.075,0.0,FAIBLE,🟢,Joueur en bonne condition physique
Đorđe Petrović,2026-04-22,24.5,1.09,0.7,0.0,0.0,FAIBLE,🟢,Joueur en bonne condition physique
Rayan,2026-04-22,14.9,0.79,0.411,0.0,0.0,FAIBLE,🟢,Joueur en bonne condition physique
Trai Hume,2026-04-24,23.7,0.93,0.678,0.0,0.0,FAIBLE,🟢,Joueur en bonne condition physique
Pau Cubarsí,2026-04-25,31.4,1.11,0.898,0.54,0.0,FAIBLE,🟢,Joueur en bonne condition physique
Daniel Ballard,2026-04-24,28.1,0.94,0.802,0.54,0.0,FAIBLE,🟢,Joueur en bonne condition physique
Aitor Ruibal,2026-04-24,29.7,0.57,0.52,0.39,0.0,FAIBLE,🟢,Joueur en bonne condition physique
João Neves,2026-04-25,37.2,0.93,0.633,0.053,0.0,FAIBLE,🟢,Joueur en bonne condition physique
Curtis Jones,2026-04-25,19.5,1.29,0.556,0.0,0.0,FAIBLE,🟢,Joueur en bonne condition physique
Álvaro Carreras,2026-04-24,28.5,0.65,0.6,0.45,0.0,FAIBLE,🟢,Joueur en bonne condition physique
Sofyan Amrabat,2026-04-24,30.2,1.14,0.862,0.54,0.0,FAIBLE,🟢,Joueur en bonne condition physique
Manu González,2026-04-24,28.0,1.21,0.8,0.0,0.0,FAIBLE,🟢,Joueur en bonne condition physique
Abdessamad Ezzalzouli,2026-04-24,33.9,1.13,0.969,0.54,0.0,FAIBLE,🟢,Joueur en bonne condition physique
Chimy Ávila,2026-04-24,35.6,0.1,0.018,0.023,0.0,FAIBLE,🟢,Joueur en bonne condition physique
Eduardo Camavinga,2026-04-24,12.9,0.77,0.327,0.0,0.0,FAIBLE,🟢,Joueur en bonne condition physique
Raúl Asencio,2026-04-24,14.0,0.66,0.2,0.15,0.0,FAIBLE,🟢,Joueur en bonne condition physique
Thiago Pitarch,2026-04-24,11.5,1.34,0.302,0.0,0.0,FAIBLE,🟢,Joueur en bonne condition physique
Hervé Koffi,2026-04-25,35.0,1.01,1.0,0.54,0.0,FAIBLE,🟢,Joueur en bonne condition physique
Pierrick Capelle,2026-04-25,18.6,1.48,0.409,0.0,0.0,FAIBLE,🟢,Joueur en bonne condition physique
Diego Llorente,2026-04-24,25.5,0.97,0.729,0.0,0.0,FAIBLE,🟢,Joueur en bonne condition physique
Ivan Corralejo,2026-04-24,28.5,1.1,0.813,0.54,0.0,FAIBLE,🟢,Joueur en bonne condition physique
Pau Lopez,2026-04-24,30.0,0.48,0.4,0.3,0.0,FAIBLE,🟢,Joueur en bonne condition physique
Lucas Digne,2026-04-25,28.6,1.08,0.818,0.54,0.0,FAIBLE,🟢,Joueur en bonne condition physique
Valentín Gómez,2026-04-24,17.4,0.75,0.427,0.0,0.0,FAIBLE,🟢,Joueur en bonne condition physique
Paulo Gazzaniga,2026-04-25,35.0,1.04,1.0,0.54,0.0,FAIBLE,🟢,Joueur en bonne condition physique
Cedric Bakambu,2026-04-24,19.5,1.14,0.558,0.0,0.0,FAIBLE,🟢,Joueur en bonne condition physique
Arthur Masuaku,2026-04-24,20.9,1.2,0.598,0.0,0.0,FAIBLE,🟢,Joueur en bonne condition physique
Adrien Thomasson,2026-04-24,32.1,1.06,0.918,0.54,0.0,FAIBLE,🟢,Joueur en bonne condition physique
Mads Hermansen,2026-04-25,35.0,1.03,1.0,0.54,0.0,FAIBLE,🟢,Joueur en bonne condition physique
Alfie McNally,2026-04-24,35.0,1.19,1.0,0.54,0.0,FAIBLE,🟢,Joueur en bonne condition physique
Lukáš Hrádecký,2026-04-25,35.0,1.1,1.0,0.54,0.0,FAIBLE,🟢,Joueur en bonne condition physique
Achraf Hakimi,2026-04-25,44.7,0.79,0.833,0.6,0.0,FAIBLE,🟢,Joueur en bonne condition physique
Habib Diarra,2026-04-24,27.4,0.96,0.784,0.0,0.0,FAIBLE,🟢,Joueur en bonne condition physique
Azzedine Ounahi,2026-04-25,24.4,1.1,0.698,0.0,0.0,FAIBLE,🟢,Joueur en bonne condition physique
Matty Cash,2026-04-25,34.9,1.06,0.998,0.54,0.0,FAIBLE,🟢,Joueur en bonne condition physique
Lucas Chevalier,2026-04-25,55.0,0.0,0.0,0.025,0.0,FAIBLE,🟢,Joueur en bonne condition physique
Noah Sadiki,2026-04-24,33.7,1.04,0.962,0.54,0.0,FAIBLE,🟢,Joueur en bonne condition physique
Brendan Chardonnet,2026-04-24,35.0,1.0,1.0,0.54,0.0,FAIBLE,🟢,Joueur en bonne condition physique
Soumaila Coulibaly,2026-04-24,22.6,1.35,0.611,0.0,0.0,FAIBLE,🟢,Joueur en bonne condition physique
Yankuba Minteh,2026-04-21,31.3,1.31,0.887,0.54,0.0,FAIBLE,🟢,Joueur en bonne condition physique
Wesley Said,2026-04-24,14.7,0.93,0.42,0.0,0.0,FAIBLE,🟢,Joueur en bonne condition physique
Mama Baldé,2026-04-24,20.9,0.73,0.496,0.0,0.0,FAIBLE,🟢,Joueur en bonne condition physique
Jacques Ekomié,2026-04-25,35.0,1.1,1.0,0.54,0.0,FAIBLE,🟢,Joueur en bonne condition physique
Robin Le Normand,2026-04-25,45.2,0.76,0.807,0.6,0.0,FAIBLE,🟢,Joueur en bonne condition physique
Jordan Teze,2026-04-25,30.5,1.05,0.871,0.54,0.0,FAIBLE,🟢,Joueur en bonne condition physique
Jano Monserrate,2026-04-24,13.5,0.75,0.313,0.0,0.0,FAIBLE,🟢,Joueur en bonne condition physique
Luis Milla,2026-04-25,35.0,1.0,1.0,0.54,0.0,FAIBLE,🟢,Joueur en bonne condition physique
Álvaro Valles,2026-04-24,21.0,1.28,0.6,0.0,0.0,FAIBLE,🟢,Joueur en bonne condition physique
Rodrigo Marina,2026-04-24,34.6,1.05,0.989,0.54,0.0,FAIBLE,🟢,Joueur en bonne condition physique
Antonio Rudiger,2026-04-24,31.6,1.06,0.902,0.54,0.0,FAIBLE,🟢,Joueur en bonne condition physique
Federico Valverde,2026-04-24,35.0,1.02,1.0,0.54,0.0,FAIBLE,🟢,Joueur en bonne condition physique
Brahim Díaz,2026-04-24,21.7,1.08,0.62,0.0,0.0,FAIBLE,🟢,Joueur en bonne condition physique
Franco Mastantuono,2026-04-24,3.6,0.87,0.104,0.0,0.0,FAIBLE,🟢,Joueur en bonne condition physique
Trent Alexander-Arnold,2026-04-24,32.8,1.1,0.938,0.54,0.0,FAIBLE,🟢,Joueur en bonne condition physique
Diego Aguado,2026-04-24,37.0,1.01,0.629,0.052,0.0,FAIBLE,🟢,Joueur en bonne condition physique
Kylian Mbappé,2026-04-24,34.3,1.11,0.98,0.54,0.0,FAIBLE,🟢,Joueur en bonne condition physique
James Wilson,2026-04-24,24.3,1.31,0.687,0.0,0.0,FAIBLE,🟢,Joueur en bonne condition physique
Ferland Mendy,2026-04-24,22.6,1.48,0.524,0.0,0.0,FAIBLE,🟢,Joueur en bonne condition physique
Nehemiah Oriola,2026-04-24,32.9,1.01,0.94,0.54,0.0,FAIBLE,🟢,Joueur en bonne condition physique
Giovani Lo Celso,2026-04-24,13.1,0.82,0.373,0.0,0.0,FAIBLE,🟢,Joueur en bonne condition physique
Vinicius Júnior,2026-04-24,35.0,1.06,1.0,0.54,0.0,FAIBLE,🟢,Joueur en bonne condition physique
Álvaro Fidalgo,2026-04-24,13.5,0.95,0.387,0.0,0.0,FAIBLE,🟢,Joueur en bonne condition physique
Javier Navarro Jimenez,2026-04-24,33.7,0.99,0.533,0.044,0.0,FAIBLE,🟢,Joueur en bonne condition physique
Gonzalo García,2026-04-24,15.6,0.52,0.047,0.035,0.0,FAIBLE,🟢,Joueur en bonne condition physique
Ricardo Rodríguez,2026-04-24,21.7,1.34,0.593,0.0,0.0,FAIBLE,🟢,Joueur en bonne condition physique
Rio Kyerematen,2026-04-24,26.4,1.11,0.753,0.0,0.0,FAIBLE,🟢,Joueur en bonne condition physique
Dean Huijsen,2026-04-24,19.5,1.1,0.558,0.0,0.0,FAIBLE,🟢,Joueur en bonne condition physique
Preston Fearon,2026-04-24,25.4,1.24,0.727,0.0,0.0,FAIBLE,🟢,Joueur en bonne condition physique
Dani Pérez,2026-04-24,35.0,1.03,1.0,0.54,0.0,FAIBLE,🟢,Joueur en bonne condition physique
Miguel Cubo,2026-04-24,21.2,0.86,0.607,0.0,0.0,FAIBLE,🟢,Joueur en bonne condition physique
Aleksa Purić,2026-04-24,20.2,0.91,0.576,0.0,0.0,FAIBLE,🟢,Joueur en bonne condition physique
Ruben Blanco,2026-04-25,40.0,0.0,0.0,0.023,0.0,FAIBLE,🟢,Joueur en bonne condition physique
Rayane Belaid,2026-04-24,15.3,0.87,0.436,0.0,0.0,FAIBLE,🟢,Joueur en bonne condition physique
Joshua Ajala,2026-04-24,20.2,1.25,0.578,0.0,0.0,FAIBLE,🟢,Joueur en bonne condition physique
Natan,2026-04-24,28.0,1.13,0.8,0.0,0.0,FAIBLE,🟢,Joueur en bonne condition physique
Pablo Fornals,2026-04-24,29.9,1.0,0.853,0.54,0.0,FAIBLE,🟢,Joueur en bonne condition physique
Pablo García,2026-04-24,31.9,1.38,0.429,0.036,0.0,FAIBLE,🟢,Joueur en bonne condition physique
Iker Luque,2026-04-24,26.0,0.95,0.744,0.0,0.0,FAIBLE,🟢,Joueur en bonne condition physique
Jude Bellingham,2026-04-24,25.7,1.25,0.733,0.0,0.0,FAIBLE,🟢,Joueur en bonne condition physique
Airidas Golambeckis,2026-04-24,19.1,1.5,0.411,0.0,0.0,FAIBLE,🟢,Joueur en bonne condition physique
David Alaba,2026-04-24,1.3,1.03,0.038,0.0,0.0,FAIBLE,🟢,Joueur en bonne condition physique
Antony,2026-04-24,25.6,1.15,0.731,0.0,0.0,FAIBLE,🟢,Joueur en bonne condition physique
Hector Bellerin,2026-04-24,17.6,1.25,0.504,0.0,0.0,FAIBLE,🟢,Joueur en bonne condition physique
Marc Roca,2026-04-24,15.4,1.09,0.44,0.0,0.0,FAIBLE,🟢,Joueur en bonne condition physique
Marc Bartra,2026-04-24,23.5,0.96,0.671,0.0,0.0,FAIBLE,🟢,Joueur en bonne condition physique
Axel Disasi,2026-04-25,35.0,1.02,1.0,0.54,0.0,FAIBLE,🟢,Joueur en bonne condition physique
Morato,2026-04-24,12.4,0.88,0.353,0.0,0.0,FAIBLE,🟢,Joueur en bonne condition physique
Matz Sels,2026-04-24,21.0,1.22,0.6,0.0,0.0,FAIBLE,🟢,Joueur en bonne condition physique
Morgan Gibbs-White,2026-04-24,32.1,1.07,0.918,0.54,0.0,FAIBLE,🟢,Joueur en bonne condition physique
Diego Rico,2026-04-25,27.6,0.33,0.116,0.087,0.0,FAIBLE,🟢,Joueur en bonne condition physique
Tomás Marqués,2026-04-25,39.5,0.01,0.0,0.023,0.0,FAIBLE,🟢,Joueur en bonne condition physique
Ismaelo Ganiou,2026-04-24,35.0,1.0,1.0,0.54,0.0,FAIBLE,🟢,Joueur en bonne condition physique
Malang Sarr,2026-04-24,35.0,1.0,1.0,0.54,0.0,FAIBLE,🟢,Joueur en bonne condition physique
Joris Chotard,2026-04-24,33.9,1.01,0.969,0.54,0.0,FAIBLE,🟢,Joueur en bonne condition physique
Sebastián Boselli,2026-04-25,19.5,1.3,0.558,0.0,0.0,FAIBLE,🟢,Joueur en bonne condition physique
Pablo Felipe,2026-04-25,31.0,1.11,0.887,0.54,0.0,FAIBLE,🟢,Joueur en bonne condition physique
Mohamed Kone,2026-04-24,35.0,1.16,1.0,0.54,0.0,FAIBLE,🟢,Joueur en bonne condition physique
Kenny Lala,2026-04-24,29.8,0.93,0.851,0.54,0.0,FAIBLE,🟢,Joueur en bonne condition physique
Domingos Duarte,2026-04-25,34.4,1.02,0.984,0.54,0.0,FAIBLE,🟢,Joueur en bonne condition physique
Ludovic Ajorque,2026-04-24,34.9,1.01,0.998,0.54,0.0,FAIBLE,🟢,Joueur en bonne condition physique
Hamidou Makalou,2026-04-24,2.9,1.09,0.082,0.0,0.0,FAIBLE,🟢,Joueur en bonne condition physique
Marcus Rashford,2026-04-25,13.1,0.85,0.373,0.0,0.0,FAIBLE,🟢,Joueur en bonne condition physique
Abderrahman Rebbach,2026-04-25,29.2,1.62,0.62,0.465,0.0,FAIBLE,🟢,Joueur en bonne condition physique
Ansu Fati,2026-04-25,21.8,1.34,0.596,0.0,0.0,FAIBLE,🟢,Joueur en bonne condition physique
Charlie Cresswell,2026-04-25,27.1,1.06,0.773,0.0,0.0,FAIBLE,🟢,Joueur en bonne condition physique
Aladji Bamba,2026-04-25,23.0,0.66,0.456,0.342,0.0,FAIBLE,🟢,Joueur en bonne condition physique
Dennis Cirkin,2026-04-24,33.1,0.16,0.031,0.023,0.0,FAIBLE,🟢,Joueur en bonne condition physique
Ibrahim Sangaré,2026-04-24,25.8,1.05,0.736,0.0,0.0,FAIBLE,🟢,Joueur en bonne condition physique
Omar Alderete,2026-04-24,32.9,0.97,0.94,0.54,0.0,FAIBLE,🟢,Joueur en bonne condition physique
Simon Adingra,2026-04-25,19.1,1.18,0.547,0.0,0.0,FAIBLE,🟢,Joueur en bonne condition physique
Jair,2026-04-24,22.3,1.08,0.638,0.0,0.0,FAIBLE,🟢,Joueur en bonne condition physique
Mateus Fernandes,2026-04-25,30.7,1.09,0.876,0.54,0.0,FAIBLE,🟢,Joueur en bonne condition physique
Nordi Mukiele,2026-04-24,21.3,1.1,0.609,0.0,0.0,FAIBLE,🟢,Joueur en bonne condition physique
Joao Cancelo,2026-04-25,24.4,1.05,0.698,0.0,0.0,FAIBLE,🟢,Joueur en bonne condition physique
Andriy Lunin,2026-04-24,35.0,1.22,1.0,0.54,0.0,FAIBLE,🟢,Joueur en bonne condition physique
Nicolás Domínguez,2026-04-24,19.1,0.91,0.547,0.0,0.0,FAIBLE,🟢,Joueur en bonne condition physique
Eliezer Mayenda,2026-04-24,32.5,0.22,0.1,0.075,0.0,FAIBLE,🟢,Joueur en bonne condition physique
Kiko Femenía,2026-04-25,26.9,0.88,0.769,0.0,0.0,FAIBLE,🟢,Joueur en bonne condition physique
Omari Hutchinson,2026-04-24,23.0,1.09,0.656,0.0,0.0,FAIBLE,🟢,Joueur en bonne condition physique
Juan Iglesias,2026-04-25,35.0,1.01,1.0,0.54,0.0,FAIBLE,🟢,Joueur en bonne condition physique
Aaron Wan-Bissaka,2026-04-25,41.8,0.28,0.451,0.338,0.0,FAIBLE,🟢,Joueur en bonne condition physique
Chris Rigg,2026-04-24,14.8,1.19,0.422,0.0,0.0,FAIBLE,🟢,Joueur en bonne condition physique
Yeimar Mosquera,2026-04-24,35.0,1.11,1.0,0.54,0.0,FAIBLE,🟢,Joueur en bonne condition physique
Reinildo Mandava,2026-04-24,22.5,0.87,0.642,0.0,0.0,FAIBLE,🟢,Joueur en bonne condition physique
Saud Abdulhamid,2026-04-24,29.5,0.8,0.844,0.54,0.0,FAIBLE,🟢,Joueur en bonne condition physique
Mario Martín,2026-04-25,19.6,1.42,0.48,0.0,0.0,FAIBLE,🟢,Joueur en bonne condition physique
Matthieu Udol,2026-04-24,35.0,1.0,1.0,0.54,0.0,FAIBLE,🟢,Joueur en bonne condition physique
Wesley Saïd,2026-04-24,14.7,0.93,0.42,0.0,0.0,FAIBLE,🟢,Joueur en bonne condition physique
Michel Diaz,2026-04-24,31.2,0.73,0.791,0.0,0.0,FAIBLE,🟢,Joueur en bonne condition physique
Ola Aina,2026-04-24,27.9,1.11,0.798,0.0,0.0,FAIBLE,🟢,Joueur en bonne condition physique
Radosław Majecki,2026-04-24,40.0,0.0,0.0,0.023,0.0,FAIBLE,🟢,Joueur en bonne condition physique
Romain Del Castillo,2026-04-24,34.4,1.03,0.982,0.54,0.0,FAIBLE,🟢,Joueur en bonne condition physique
Konstantinos Mavropanos,2026-04-25,35.0,1.02,1.0,0.54,0.0,FAIBLE,🟢,Joueur en bonne condition physique
Florian Thauvin,2026-04-24,23.0,0.79,0.642,0.0,0.0,FAIBLE,🟢,Joueur en bonne condition physique
Elliot Anderson,2026-04-24,34.9,1.04,0.998,0.54,0.0,FAIBLE,🟢,Joueur en bonne condition physique
Mohamadou Kanté,2026-04-25,23.0,0.4,0.087,0.065,0.0,FAIBLE,🟢,Joueur en bonne condition physique
Robin Roefs,2026-04-24,35.0,0.99,1.0,0.54,0.0,FAIBLE,🟢,Joueur en bonne condition physique
Igor Jesus,2026-04-24,24.9,1.03,0.711,0.0,0.0,FAIBLE,🟢,Joueur en bonne condition physique
Mathieu Gorgelin,2026-04-24,40.0,0.0,0.0,0.023,0.0,FAIBLE,🟢,Joueur en bonne condition physique
Alex Moreno,2026-04-25,26.9,0.99,0.769,0.0,0.0,FAIBLE,🟢,Joueur en bonne condition physique
Jordan Lefort,2026-04-25,35.0,1.0,1.0,0.54,0.0,FAIBLE,🟢,Joueur en bonne condition physique
Chris Wood,2026-04-24,21.1,1.37,0.556,0.0,0.0,FAIBLE,🟢,Joueur en bonne condition physique
Melker Ellborg,2026-04-24,33.5,0.13,0.0,0.023,0.0,FAIBLE,🟢,Joueur en bonne condition physique
Stefan Ortega,2026-04-24,35.0,0.38,0.4,0.3,0.0,FAIBLE,🟢,Joueur en bonne condition physique
Adama Traore,2026-04-25,31.7,0.44,0.391,0.293,0.0,FAIBLE,🟢,Joueur en bonne condition physique
Brian Brobbey,2026-04-24,28.1,1.13,0.802,0.54,0.0,FAIBLE,🟢,Joueur en bonne condition physique
Noah Jauny,2026-04-24,7.5,0.79,0.2,0.0,0.0,FAIBLE,🟢,Joueur en bonne condition physique
Florian Sotoca,2026-04-24,16.9,1.25,0.482,0.0,0.0,FAIBLE,🟢,Joueur en bonne condition physique
Eric Ebimbe,2026-04-24,26.6,1.12,0.76,0.0,0.0,FAIBLE,🟢,Joueur en bonne condition physique
Andrija Bulatovic,2026-04-24,31.6,0.27,0.147,0.11,0.0,FAIBLE,🟢,Joueur en bonne condition physique
Thomas Lemar,2026-04-25,13.4,0.95,0.382,0.0,0.0,FAIBLE,🟢,Joueur en bonne condition physique
Odsonne Édouard,2026-04-24,23.3,0.78,0.638,0.0,0.0,FAIBLE,🟢,Joueur en bonne condition physique
Robin Risser,2026-04-24,35.0,1.0,1.0,0.54,0.0,FAIBLE,🟢,Joueur en bonne condition physique
Grégoire Coudert,2026-04-24,35.0,1.0,1.0,0.54,0.0,FAIBLE,🟢,Joueur en bonne condition physique
Hugo Magnetti,2026-04-24,33.5,1.0,0.958,0.54,0.0,FAIBLE,🟢,Joueur en bonne condition physique
Lucas Beraldo,2026-04-25,42.1,1.53,0.62,0.517,0.0,FAIBLE,🟢,Joueur en bonne condition physique
Bryan Okoh,2026-04-25,35.0,1.07,1.0,0.54,0.0,FAIBLE,🟢,Joueur en bonne condition physique
Daouda Guindo,2026-04-24,25.0,1.07,0.713,0.0,0.0,FAIBLE,🟢,Joueur en bonne condition physique
TJ Carroll,2026-04-24,35.0,1.17,1.0,0.54,0.0,FAIBLE,🟢,Joueur en bonne condition physique
Lucas Tousart,2026-04-24,17.2,1.58,0.302,0.227,0.0,FAIBLE,🟢,Joueur en bonne condition physique
Emmanuel Biumla,2026-04-25,25.6,1.75,0.429,0.322,0.0,FAIBLE,🟢,Joueur en bonne condition physique
Claudio Echeverri,2026-04-25,19.2,1.36,0.507,0.0,0.0,FAIBLE,🟢,Joueur en bonne condition physique
Samson Baidoo,2026-04-24,24.3,0.72,0.58,0.0,0.0,FAIBLE,🟢,Joueur en bonne condition physique
Mamadou Sangare,2026-04-24,31.5,1.08,0.9,0.54,0.0,FAIBLE,🟢,Joueur en bonne condition physique
Kyle Walker-Peters,2026-04-25,31.8,1.36,0.867,0.54,0.0,FAIBLE,🟢,Joueur en bonne condition physique
Allan Saint-Maximin,2026-04-24,14.9,1.08,0.427,0.0,0.0,FAIBLE,🟢,Joueur en bonne condition physique
Samuel Amissah,2026-04-24,23.3,1.23,0.667,0.0,0.0,FAIBLE,🟢,Joueur en bonne condition physique
Lucas Hernández,2026-04-28,37.7,0.7,0.507,0.422,0.0,FAIBLE,🟢,Joueur en bonne condition physique
Mamadou Sarr,2026-04-21,30.0,0.34,0.2,0.15,0.0,FAIBLE,🟢,Joueur en bonne condition physique
Ibon Sánchez,2026-02-13,23.1,0.88,0.66,0.0,0.0,FAIBLE,🟢,Joueur en bonne condition physique
Malcom Dacosta,2026-02-07,38.5,0.03,0.0,0.023,0.0,FAIBLE,🟢,Joueur en bonne condition physique
Jérémy Jacquet,2026-02-07,33.4,0.97,0.953,0.54,0.0,FAIBLE,🟢,Joueur en bonne condition physique
Aleksandar Andreev,2026-02-08,40.0,0.0,0.0,0.023,0.0,FAIBLE,🟢,Joueur en bonne condition physique
Yahia Jlidi,2026-02-08,40.0,0.0,0.0,0.023,0.0,FAIBLE,🟢,Joueur en bonne condition physique
Caleb Kporha,2026-02-09,24.5,0.99,0.7,0.0,0.0,FAIBLE,🟢,Joueur en bonne condition physique
Jerome Abbey,2026-02-10,32.4,0.36,0.298,0.223,0.0,FAIBLE,🟢,Joueur en bonne condition physique
Jun'ai Byfield,2026-02-10,30.3,0.21,0.024,0.023,0.0,FAIBLE,🟢,Joueur en bonne condition physique
Lewis Cook,2026-02-10,32.8,0.72,0.822,0.54,0.0,FAIBLE,🟢,Joueur en bonne condition physique
Wilson Odobert,2026-02-10,23.1,0.73,0.56,0.0,0.0,FAIBLE,🟢,Joueur en bonne condition physique
Wataru Endo,2026-02-11,19.9,1.42,0.489,0.0,0.0,FAIBLE,🟢,Joueur en bonne condition physique
Juanmi,2026-02-14,33.0,0.22,0.113,0.085,0.0,FAIBLE,🟢,Joueur en bonne condition physique
Kyllian Antonio,2026-02-07,16.3,1.13,0.467,0.0,0.0,FAIBLE,🟢,Joueur en bonne condition physique
Vaclav Hladky,2026-02-14,40.0,0.0,0.0,0.023,0.0,FAIBLE,🟢,Joueur en bonne condition physique
Aaron Mayol,2026-02-15,40.0,0.0,0.0,0.023,0.0,FAIBLE,🟢,Joueur en bonne condition physique
Rafik Messali,2026-02-15,23.9,0.88,0.684,0.0,0.0,FAIBLE,🟢,Joueur en bonne condition physique
Unai Elgezabal,2026-02-15,34.0,0.49,0.529,0.397,0.0,FAIBLE,🟢,Joueur en bonne condition physique
Vitaly Janelt,2026-02-21,31.5,0.85,0.9,0.54,0.0,FAIBLE,🟢,Joueur en bonne condition physique
Julien López,2026-02-21,7.0,1.16,0.2,0.0,0.0,FAIBLE,🟢,Joueur en bonne condition physique
Gabriel Słonina,2026-02-21,21.0,0.88,0.6,0.0,0.0,FAIBLE,🟢,Joueur en bonne condition physique
Tidiane Devernois,2026-02-22,22.8,0.37,0.038,0.028,0.0,FAIBLE,🟢,Joueur en bonne condition physique
Romaine Mundle,2026-02-22,14.6,1.14,0.416,0.0,0.0,FAIBLE,🟢,Joueur en bonne condition physique
Luca Williams-Barnett,2026-02-22,13.3,0.74,0.293,0.0,0.0,FAIBLE,🟢,Joueur en bonne condition physique
Enso González,2026-02-07,21.4,1.19,0.611,0.0,0.0,FAIBLE,🟢,Joueur en bonne condition physique
Dermot Mee,2026-02-06,35.9,1.34,1.0,0.54,0.0,FAIBLE,🟢,Joueur en bonne condition physique
Kevin,2026-02-22,15.4,1.08,0.44,0.0,0.0,FAIBLE,🟢,Joueur en bonne condition physique
Bartosz Żelazowski,2026-01-29,40.0,0.0,0.0,0.023,0.0,FAIBLE,🟢,Joueur en bonne condition physique
Charlie Stevens,2026-01-19,40.0,0.0,0.0,0.023,0.0,FAIBLE,🟢,Joueur en bonne condition physique
Sam Rak-Sakyi,2026-01-19,12.9,0.9,0.369,0.0,0.0,FAIBLE,🟢,Joueur en bonne condition physique
Marcos Navarro,2026-01-24,39.5,0.01,0.0,0.023,0.0,FAIBLE,🟢,Joueur en bonne condition physique
Juan Foyth,2026-01-24,21.0,0.87,0.6,0.0,0.0,FAIBLE,🟢,Joueur en bonne condition physique
Fraser Forster,2026-01-24,39.0,0.02,0.0,0.023,0.0,FAIBLE,🟢,Joueur en bonne condition physique
Nicolò Savona,2026-01-25,17.6,0.74,0.416,0.0,0.0,FAIBLE,🟢,Joueur en bonne condition physique
Mikel Merino,2026-01-25,35.8,0.97,0.593,0.049,0.0,FAIBLE,🟢,Joueur en bonne condition physique
Nils Ramming,2026-01-26,23.3,0.97,0.667,0.0,0.0,FAIBLE,🟢,Joueur en bonne condition physique
Jelle Van Neck,2026-01-28,40.0,0.0,0.0,0.023,0.0,FAIBLE,🟢,Joueur en bonne condition physique
Diego Conde,2026-01-28,33.0,0.14,0.0,0.023,0.0,FAIBLE,🟢,Joueur en bonne condition physique
Laurenzo Monteiro Alvarenga,2026-01-29,36.0,0.08,0.0,0.023,0.0,FAIBLE,🟢,Joueur en bonne condition physique
Lassine Diarra,2026-02-04,40.0,0.0,0.0,0.023,0.0,FAIBLE,🟢,Joueur en bonne condition physique
Theo Bruyere,2026-01-29,40.0,0.0,0.0,0.023,0.0,FAIBLE,🟢,Joueur en bonne condition physique
Mousslim Youssouf,2026-01-29,12.6,1.8,0.024,0.023,0.0,FAIBLE,🟢,Joueur en bonne condition physique
Prince Mbatshi Mukuba,2026-01-29,40.0,0.0,0.0,0.023,0.0,FAIBLE,🟢,Joueur en bonne condition physique
Jamie Gittens,2026-01-31,27.3,1.01,0.351,0.029,0.0,FAIBLE,🟢,Joueur en bonne condition physique
Juan Arango,2026-01-31,0.7,1.07,0.02,0.0,0.0,FAIBLE,🟢,Joueur en bonne condition physique
Marc-André Ter Stegen,2026-01-31,22.5,1.66,0.4,0.3,0.0,FAIBLE,🟢,Joueur en bonne condition physique
Jan Salas,2026-01-31,34.2,0.13,0.02,0.023,0.0,FAIBLE,🟢,Joueur en bonne condition physique
Oussama El Azzouzi,2026-02-01,34.2,1.1,0.978,0.54,0.0,FAIBLE,🟢,Joueur en bonne condition physique
Charlie Holland,2026-02-03,18.3,0.74,0.438,0.0,0.0,FAIBLE,🟢,Joueur en bonne condition physique
Dimitri Foulquier,2026-02-04,28.6,1.23,0.818,0.54,0.0,FAIBLE,🟢,Joueur en bonne condition physique
José Copete,2026-02-22,31.8,1.07,0.909,0.54,0.0,FAIBLE,🟢,Joueur en bonne condition physique
Maxima Goffi,2026-02-26,37.5,0.05,0.0,0.023,0.0,FAIBLE,🟢,Joueur en bonne condition physique
Amady Camara,2026-01-18,1.5,0.94,0.042,0.0,0.0,FAIBLE,🟢,Joueur en bonne condition physique
Kamory Doumbia,2026-03-14,31.5,1.15,0.9,0.54,0.0,FAIBLE,🟢,Joueur en bonne condition physique
Ryan Rodin,2026-03-13,31.7,0.29,0.176,0.132,0.0,FAIBLE,🟢,Joueur en bonne condition physique
Xanet Olaiz,2026-03-13,21.6,0.37,0.002,0.023,0.0,FAIBLE,🟢,Joueur en bonne condition physique
Reece James,2026-03-14,43.0,1.12,0.8,0.06,0.0,FAIBLE,🟢,Joueur en bonne condition physique
Germán García,2026-03-14,28.0,1.0,0.8,0.0,0.0,FAIBLE,🟢,Joueur en bonne condition physique
Zoumana Diallo,2026-03-14,14.0,0.69,0.242,0.182,0.0,FAIBLE,🟢,Joueur en bonne condition physique
Carlens Arcus,2026-03-14,31.0,0.77,0.844,0.54,0.0,FAIBLE,🟢,Joueur en bonne condition physique
Jurriën Timber,2026-03-14,41.1,0.8,0.747,0.06,0.0,FAIBLE,🟢,Joueur en bonne condition physique
Adam Aznou,2026-03-14,20.7,0.44,0.076,0.057,0.0,FAIBLE,🟢,Joueur en bonne condition physique
Milan Aleksić,2026-03-14,41.9,1.95,0.333,0.278,0.0,FAIBLE,🟢,Joueur en bonne condition physique
Luka Ilić,2026-03-14,25.6,1.84,0.369,0.277,0.0,FAIBLE,🟢,Joueur en bonne condition physique
Alvaro Moreno,2026-03-14,40.0,0.0,0.0,0.023,0.0,FAIBLE,🟢,Joueur en bonne condition physique
Rémi Himbert,2026-03-12,27.7,1.0,0.364,0.03,0.0,FAIBLE,🟢,Joueur en bonne condition physique
Paris Brunner,2026-03-14,1.3,0.89,0.038,0.0,0.0,FAIBLE,🟢,Joueur en bonne condition physique
Jean-Philippe Krasso,2026-03-15,11.3,1.07,0.322,0.0,0.0,FAIBLE,🟢,Joueur en bonne condition physique
Kenny Quetant,2026-03-15,10.7,0.83,0.307,0.0,0.0,FAIBLE,🟢,Joueur en bonne condition physique
Kenny Tete,2026-03-15,27.2,1.08,0.778,0.0,0.0,FAIBLE,🟢,Joueur en bonne condition physique
Alejandro Primo,2026-03-16,40.0,0.0,0.0,0.023,0.0,FAIBLE,🟢,Joueur en bonne condition physique
Enock Agyei,2026-03-16,25.3,1.69,0.46,0.345,0.0,FAIBLE,🟢,Joueur en bonne condition physique
Thibaut Courtois,2026-03-17,46.5,0.83,0.9,0.6,0.0,FAIBLE,🟢,Joueur en bonne condition physique
Ruben Dias,2026-03-17,32.5,0.83,0.5,0.042,0.0,FAIBLE,🟢,Joueur en bonne condition physique
Alisson,2026-03-18,35.0,1.01,1.0,0.54,0.0,FAIBLE,🟢,Joueur en bonne condition physique
John Ruddy,2026-03-18,40.0,0.0,0.0,0.023,0.0,FAIBLE,🟢,Joueur en bonne condition physique
Tiago Goncalves,2026-03-12,19.1,0.45,0.047,0.035,0.0,FAIBLE,🟢,Joueur en bonne condition physique
Marcus Bettinelli,2026-03-11,40.0,0.0,0.0,0.023,0.0,FAIBLE,🟢,Joueur en bonne condition physique
Facundo Garcés,2026-02-27,29.6,0.6,0.56,0.42,0.0,FAIBLE,🟢,Joueur en bonne condition physique
Yann Lienard,2026-03-06,40.0,0.0,0.0,0.023,0.0,FAIBLE,🟢,Joueur en bonne condition physique
Ayanda Sishuba,2026-02-27,3.7,1.0,0.107,0.0,0.0,FAIBLE,🟢,Joueur en bonne condition physique
Ellery Balcombe,2026-02-28,40.0,0.14,0.2,0.15,0.0,FAIBLE,🟢,Joueur en bonne condition physique
Illan Meslier,2026-02-28,30.5,2.0,0.4,0.3,0.0,FAIBLE,🟢,Joueur en bonne condition physique
Leander Dendoncker,2026-02-28,27.3,0.28,0.038,0.028,0.0,FAIBLE,🟢,Joueur en bonne condition physique
Luca Gunter,2026-03-01,28.0,1.16,0.8,0.0,0.0,FAIBLE,🟢,Joueur en bonne condition physique
Adam Boayar,2026-03-01,34.4,0.16,0.069,0.052,0.0,FAIBLE,🟢,Joueur en bonne condition physique
Bendito Mantato,2026-03-02,13.9,1.22,0.398,0.0,0.0,FAIBLE,🟢,Joueur en bonne condition physique
Rodrygo,2026-03-02,17.9,0.72,0.398,0.0,0.0,FAIBLE,🟢,Joueur en bonne condition physique
Rico Henry,2026-03-03,23.5,0.78,0.644,0.0,0.0,FAIBLE,🟢,Joueur en bonne condition physique
Nayef Aguerd,2026-03-04,28.0,1.05,0.8,0.0,0.0,FAIBLE,🟢,Joueur en bonne condition physique
Caio Henrique,2026-03-06,28.7,0.9,0.82,0.54,0.0,FAIBLE,🟢,Joueur en bonne condition physique
Filip Jørgensen,2026-03-11,24.6,1.6,0.5,0.375,0.0,FAIBLE,🟢,Joueur en bonne condition physique
Miguel Román,2026-03-06,31.2,1.05,0.891,0.54,0.0,FAIBLE,🟢,Joueur en bonne condition physique
Vanderson,2026-03-06,30.0,0.59,0.556,0.417,0.0,FAIBLE,🟢,Joueur en bonne condition physique
Lucas Bergström,2026-03-07,39.5,0.01,0.0,0.023,0.0,FAIBLE,🟢,Joueur en bonne condition physique
Dani Cervera,2026-03-07,40.0,0.0,0.0,0.023,0.0,FAIBLE,🟢,Joueur en bonne condition physique
Carlos Benavídez,2026-03-08,13.9,0.79,0.384,0.0,0.0,FAIBLE,🟢,Joueur en bonne condition physique
Boubacar Traoré,2026-03-08,29.1,0.91,0.831,0.54,0.0,FAIBLE,🟢,Joueur en bonne condition physique
Carlos De Roa,2026-03-08,14.0,0.89,0.4,0.0,0.0,FAIBLE,🟢,Joueur en bonne condition physique
Nilson Angulo,2026-03-08,20.4,1.17,0.582,0.0,0.0,FAIBLE,🟢,Joueur en bonne condition physique
Ferran Gomez,2026-03-09,28.6,0.25,0.031,0.023,0.0,FAIBLE,🟢,Joueur en bonne condition physique
Abdoullah Ba,2026-03-09,30.0,1.08,0.856,0.54,0.0,FAIBLE,🟢,Joueur en bonne condition physique
Alejandro Mestanza,2026-01-18,8.8,1.06,0.251,0.0,0.0,FAIBLE,🟢,Joueur en bonne condition physique
Samu Becerra,2026-01-18,37.5,0.05,0.0,0.023,0.0,FAIBLE,🟢,Joueur en bonne condition physique
Mats Wieffer,2026-04-21,31.5,0.92,0.9,0.54,0.0,FAIBLE,🟢,Joueur en bonne condition physique
Portu,2025-11-08,31.8,0.38,0.309,0.232,0.0,FAIBLE,🟢,Joueur en bonne condition physique
Michael Dacosta Gonzalez,2025-10-04,6.6,1.11,0.189,0.0,0.0,FAIBLE,🟢,Joueur en bonne condition physique
Moise Bombito,2025-10-05,26.3,0.84,0.324,0.027,0.0,FAIBLE,🟢,Joueur en bonne condition physique
Ilias Kostis,2025-10-10,17.1,0.98,0.489,0.0,0.0,FAIBLE,🟢,Joueur en bonne condition physique
Antoni Milambo,2025-10-10,15.8,1.01,0.451,0.0,0.0,FAIBLE,🟢,Joueur en bonne condition physique
Caleb Wiley,2025-10-18,17.2,0.98,0.491,0.0,0.0,FAIBLE,🟢,Joueur en bonne condition physique
Marc Jurado,2025-10-28,27.1,0.42,0.231,0.173,0.0,FAIBLE,🟢,Joueur en bonne condition physique
Yannis Lawson,2025-10-29,35.8,0.42,0.48,0.36,0.0,FAIBLE,🟢,Joueur en bonne condition physique
Iker Benito,2025-10-29,14.8,1.44,0.329,0.0,0.0,FAIBLE,🟢,Joueur en bonne condition physique
Pierre-Yves Hamel,2025-11-01,33.5,0.49,0.513,0.385,0.0,FAIBLE,🟢,Joueur en bonne condition physique
Ismaël Guerti,2025-11-02,17.5,0.48,0.044,0.033,0.0,FAIBLE,🟢,Joueur en bonne condition physique
Lander Pinillos,2025-11-08,4.4,1.39,0.064,0.0,0.0,FAIBLE,🟢,Joueur en bonne condition physique
Giovanni Leoni,2025-09-23,14.7,0.96,0.42,0.0,0.0,FAIBLE,🟢,Joueur en bonne condition physique
Jonathan Gradit,2025-11-08,34.9,1.09,0.996,0.54,0.0,FAIBLE,🟢,Joueur en bonne condition physique
Alexis Mirbach,2025-11-08,36.5,0.07,0.0,0.023,0.0,FAIBLE,🟢,Joueur en bonne condition physique
Rhys Williams,2025-11-11,25.9,1.12,0.74,0.0,0.0,FAIBLE,🟢,Joueur en bonne condition physique
Abu Francis,2025-11-14,19.4,0.99,0.553,0.0,0.0,FAIBLE,🟢,Joueur en bonne condition physique
Abdoulaye Toure,2025-11-22,32.5,1.0,0.929,0.54,0.0,FAIBLE,🟢,Joueur en bonne condition physique
Abdoulaye Touré,2025-11-22,32.5,1.0,0.929,0.54,0.0,FAIBLE,🟢,Joueur en bonne condition physique
Elikya Legros,2025-11-23,37.1,0.22,0.231,0.173,0.0,FAIBLE,🟢,Joueur en bonne condition physique
Louis Mezerette,2025-11-23,40.0,0.0,0.0,0.023,0.0,FAIBLE,🟢,Joueur en bonne condition physique
Huseini Nakoha,2025-11-29,5.0,0.74,0.056,0.0,0.0,FAIBLE,🟢,Joueur en bonne condition physique
Matthijs de Ligt,2025-11-30,28.0,1.08,0.8,0.0,0.0,FAIBLE,🟢,Joueur en bonne condition physique
Tom McGill,2025-09-30,19.1,2.0,0.076,0.057,0.0,FAIBLE,🟢,Joueur en bonne condition physique
Łukasz Fabiański,2025-09-16,29.5,1.96,0.4,0.3,0.0,FAIBLE,🟢,Joueur en bonne condition physique
Alberto Cordero,2025-12-02,3.6,1.0,0.102,0.0,0.0,FAIBLE,🟢,Joueur en bonne condition physique
Adam Webster,2025-05-25,28.0,1.08,0.8,0.0,0.0,FAIBLE,🟢,Joueur en bonne condition physique
James Hillson,2024-10-26,30.8,1.42,0.8,0.0,0.0,FAIBLE,🟢,Joueur en bonne condition physique
Mykhailo Mudryk,2024-12-01,28.1,0.65,0.589,0.442,0.0,FAIBLE,🟢,Joueur en bonne condition physique
Nathan Fraser,2025-01-28,27.7,1.99,0.327,0.245,0.0,FAIBLE,🟢,Joueur en bonne condition physique
Sofiane Alakouch,2025-02-01,14.3,0.53,0.022,0.023,0.0,FAIBLE,🟢,Joueur en bonne condition physique
Rafael Fernandes,2025-04-13,12.5,1.73,0.069,0.052,0.0,FAIBLE,🟢,Joueur en bonne condition physique
Achraf Laaziri,2025-04-24,31.8,0.96,0.909,0.54,0.0,FAIBLE,🟢,Joueur en bonne condition physique
Dejan Kulusevski,2025-05-11,35.9,0.87,0.598,0.05,0.0,FAIBLE,🟢,Joueur en bonne condition physique
Stefan Bajčetić,2025-05-13,30.0,0.96,0.856,0.54,0.0,FAIBLE,🟢,Joueur en bonne condition physique
Marc-Aurele Caillard,2025-05-17,40.0,0.0,0.0,0.023,0.0,FAIBLE,🟢,Joueur en bonne condition physique
Matai Akinmboni,2025-05-20,39.5,0.01,0.0,0.023,0.0,FAIBLE,🟢,Joueur en bonne condition physique
Diego Mendez,2025-06-01,18.1,0.82,0.516,0.0,0.0,FAIBLE,🟢,Joueur en bonne condition physique
Omar Falah,2025-09-13,18.0,0.46,0.029,0.023,0.0,FAIBLE,🟢,Joueur en bonne condition physique
Connor Roberts,2025-06-09,35.0,1.03,1.0,0.54,0.0,FAIBLE,🟢,Joueur en bonne condition physique
Zeki Amdouni,2025-06-11,15.4,0.88,0.44,0.0,0.0,FAIBLE,🟢,Joueur en bonne condition physique
Iñaki Rupérez,2025-06-22,35.0,1.08,1.0,0.54,0.0,FAIBLE,🟢,Joueur en bonne condition physique
Mark Gillespie,2025-08-09,14.1,0.53,0.018,0.023,0.0,FAIBLE,🟢,Joueur en bonne condition physique
Guy-Noël Zohouri,2025-08-16,40.0,0.0,0.0,0.023,0.0,FAIBLE,🟢,Joueur en bonne condition physique
Ousmane Touré,2025-08-17,28.9,0.74,0.74,0.0,0.0,FAIBLE,🟢,Joueur en bonne condition physique
Théo Vermot,2025-08-23,40.0,0.0,0.0,0.023,0.0,FAIBLE,🟢,Joueur en bonne condition physique
Juan Carlos,2025-08-24,40.0,0.0,0.0,0.023,0.0,FAIBLE,🟢,Joueur en bonne condition physique
Rémy Riou,2025-08-31,3.5,0.93,0.1,0.0,0.0,FAIBLE,🟢,Joueur en bonne condition physique
Beñat Prados,2025-08-31,17.5,1.08,0.5,0.0,0.0,FAIBLE,🟢,Joueur en bonne condition physique
Yassin Tallal,2025-12-02,11.8,0.98,0.338,0.0,0.0,FAIBLE,🟢,Joueur en bonne condition physique
Stefanos Tzimas,2025-12-03,13.9,0.8,0.396,0.0,0.0,FAIBLE,🟢,Joueur en bonne condition physique
Marco de las Sias,2026-01-18,36.0,0.08,0.0,0.023,0.0,FAIBLE,🟢,Joueur en bonne condition physique
Willy Boly,2026-01-10,40.0,0.0,0.0,0.023,0.0,FAIBLE,🟢,Joueur en bonne condition physique
Lamine Gueye,2026-01-04,1.7,0.87,0.049,0.0,0.0,FAIBLE,🟢,Joueur en bonne condition physique
Alex Teixeira,2026-01-04,40.0,0.0,0.0,0.023,0.0,FAIBLE,🟢,Joueur en bonne condition physique
Cayetano,2026-01-04,40.0,0.0,0.0,0.023,0.0,FAIBLE,🟢,Joueur en bonne condition physique
Fabian Schar,2026-01-07,33.9,1.13,0.969,0.54,0.0,FAIBLE,🟢,Joueur en bonne condition physique
Conor Bradley,2026-01-08,25.8,1.19,0.738,0.0,0.0,FAIBLE,🟢,Joueur en bonne condition physique
Hugo Solozábal,2026-01-09,28.0,0.27,0.042,0.032,0.0,FAIBLE,🟢,Joueur en bonne condition physique
Ismael Bekhoucha,2026-01-09,5.7,1.08,0.164,0.0,0.0,FAIBLE,🟢,Joueur en bonne condition physique
Mykyta Aleksandrov,2026-01-09,40.0,0.0,0.0,0.023,0.0,FAIBLE,🟢,Joueur en bonne condition physique
Lucas Laso,2026-01-09,28.5,0.37,0.2,0.15,0.0,FAIBLE,🟢,Joueur en bonne condition physique
Boubacar Kamara,2026-01-10,31.4,0.72,0.782,0.0,0.0,FAIBLE,🟢,Joueur en bonne condition physique
Noah Le Gal,2026-01-10,40.0,0.0,0.0,0.023,0.0,FAIBLE,🟢,Joueur en bonne condition physique
Joško Gvardiol,2026-01-04,22.5,0.84,0.642,0.0,0.0,FAIBLE,🟢,Joueur en bonne condition physique
Julian Eyestone,2026-01-10,40.0,0.0,0.0,0.023,0.0,FAIBLE,🟢,Joueur en bonne condition physique
Benjamin Leroy,2026-01-10,33.5,0.13,0.0,0.023,0.0,FAIBLE,🟢,Joueur en bonne condition physique
Régis Gurtner,2026-01-11,7.0,0.98,0.2,0.0,0.0,FAIBLE,🟢,Joueur en bonne condition physique
Javi Puado,2026-01-11,37.3,0.47,0.593,0.445,0.0,FAIBLE,🟢,Joueur en bonne condition physique
Adedamola Samuel Alabi,2026-01-13,29.5,0.23,0.029,0.023,0.0,FAIBLE,🟢,Joueur en bonne condition physique
Alvin Petit Dol,2026-01-17,40.0,0.0,0.0,0.023,0.0,FAIBLE,🟢,Joueur en bonne condition physique
Ben Davies,2026-01-17,15.3,1.2,0.438,0.0,0.0,FAIBLE,🟢,Joueur en bonne condition physique
Frank Magri,2026-01-17,13.0,1.17,0.371,0.0,0.0,FAIBLE,🟢,Joueur en bonne condition physique
Harvey Davies,2026-01-17,35.0,1.16,1.0,0.54,0.0,FAIBLE,🟢,Joueur en bonne condition physique
Jack Grealish,2026-01-18,29.4,1.05,0.84,0.54,0.0,FAIBLE,🟢,Joueur en bonne condition physique
Mohammed Kudus,2026-01-04,26.3,0.79,0.738,0.0,0.0,FAIBLE,🟢,Joueur en bonne condition physique
Justin Kluivert,2026-01-03,28.1,1.08,0.802,0.54,0.0,FAIBLE,🟢,Joueur en bonne condition physique
Mario Domínguez,2025-12-03,40.0,0.0,0.0,0.023,0.0,FAIBLE,🟢,Joueur en bonne condition physique
Alex Domínguez,2025-12-20,40.0,0.0,0.0,0.023,0.0,FAIBLE,🟢,Joueur en bonne condition physique
Aimar Blazquez,2025-12-03,40.0,0.0,0.0,0.023,0.0,FAIBLE,🟢,Joueur en bonne condition physique
Alex Cerdá,2025-12-03,40.0,0.0,0.0,0.023,0.0,FAIBLE,🟢,Joueur en bonne condition physique
Pol Arnau,2025-12-07,34.1,0.33,0.302,0.227,0.0,FAIBLE,🟢,Joueur en bonne condition physique
Aaron Bott,2025-12-11,31.0,0.6,0.6,0.45,0.0,FAIBLE,🟢,Joueur en bonne condition physique
Llorenç Serred,2025-12-13,40.0,0.0,0.0,0.023,0.0,FAIBLE,🟢,Joueur en bonne condition physique
Brian Madjo,2025-12-13,25.6,0.64,0.504,0.378,0.0,FAIBLE,🟢,Joueur en bonne condition physique
Cheli,2025-12-14,40.0,0.0,0.0,0.023,0.0,FAIBLE,🟢,Joueur en bonne condition physique
Antonio Martínez,2025-12-16,40.0,0.0,0.0,0.023,0.0,FAIBLE,🟢,Joueur en bonne condition physique
Andreas Christensen,2025-12-16,27.4,1.35,0.32,0.027,0.0,FAIBLE,🟢,Joueur en bonne condition physique
Marc Vidal,2025-12-17,34.5,0.11,0.0,0.023,0.0,FAIBLE,🟢,Joueur en bonne condition physique
Quentin Ndjantou,2025-12-20,25.6,1.06,0.302,0.025,0.0,FAIBLE,🟢,Joueur en bonne condition physique
Piri,2026-01-03,40.0,0.0,0.0,0.023,0.0,FAIBLE,🟢,Joueur en bonne condition physique
Marcão,2025-12-20,29.8,0.97,0.851,0.54,0.0,FAIBLE,🟢,Joueur en bonne condition physique
Tom Heaton,2025-12-21,34.0,0.12,0.0,0.023,0.0,FAIBLE,🟢,Joueur en bonne condition physique
Takumi Minamino,2025-12-21,28.0,0.92,0.8,0.0,0.0,FAIBLE,🟢,Joueur en bonne condition physique
Borja Mayoral,2025-12-21,26.9,1.1,0.769,0.0,0.0,FAIBLE,🟢,Joueur en bonne condition physique
Josh Cullen,2025-12-27,31.4,0.88,0.898,0.54,0.0,FAIBLE,🟢,Joueur en bonne condition physique
Eddie Nketiah,2025-12-28,30.2,0.96,0.433,0.036,0.0,FAIBLE,🟢,Joueur en bonne condition physique
John Victor,2026-01-03,34.1,1.22,0.973,0.54,0.0,FAIBLE,🟢,Joueur en bonne condition physique
Julen Agirrezabala,2026-01-03,35.0,1.0,1.0,0.54,0.0,FAIBLE,🟢,Joueur en bonne condition physique
Mohammed Salisu,2026-01-03,35.0,1.04,1.0,0.54,0.0,FAIBLE,🟢,Joueur en bonne condition physique
Mouctar Diakhaby,2026-01-03,18.0,1.03,0.513,0.0,0.0,FAIBLE,🟢,Joueur en bonne condition physique
Saad Boussadia,2026-03-19,40.0,0.0,0.0,0.023,0.0,FAIBLE,🟢,Joueur en bonne condition physique
Yvann Konan,2026-03-19,40.0,0.0,0.0,0.023,0.0,FAIBLE,🟢,Joueur en bonne condition physique
Zadig Lanssade,2026-03-19,40.0,0.0,0.0,0.023,0.0,FAIBLE,🟢,Joueur en bonne condition physique
Mathis Amougou,2026-04-16,0.1,0.98,0.002,0.0,0.0,FAIBLE,🟢,Joueur en bonne condition physique
Adrián Molina,2026-04-16,40.0,0.0,0.0,0.023,0.0,FAIBLE,🟢,Joueur en bonne condition physique
Alvaro Garcia,2026-04-16,23.2,0.84,0.664,0.0,0.0,FAIBLE,🟢,Joueur en bonne condition physique
Remi Matthews,2026-04-16,40.0,0.0,0.0,0.023,0.0,FAIBLE,🟢,Joueur en bonne condition physique
Lorenzo Lucca,2026-04-16,23.0,0.63,0.413,0.31,0.0,FAIBLE,🟢,Joueur en bonne condition physique
Andrés García,2026-04-16,29.1,0.24,0.031,0.023,0.0,FAIBLE,🟢,Joueur en bonne condition physique
Keehan Willows,2026-04-16,40.0,0.0,0.0,0.023,0.0,FAIBLE,🟢,Joueur en bonne condition physique
Gabriel Kerckaert,2026-04-16,40.0,0.0,0.0,0.023,0.0,FAIBLE,🟢,Joueur en bonne condition physique
Valentín Barco,2026-04-16,19.3,1.14,0.551,0.0,0.0,FAIBLE,🟢,Joueur en bonne condition physique
Zach Abbott,2026-04-16,23.3,0.85,0.667,0.0,0.0,FAIBLE,🟢,Joueur en bonne condition physique
Callum Hudson Odoi,2026-04-16,18.1,0.86,0.516,0.0,0.0,FAIBLE,🟢,Joueur en bonne condition physique
Jimmy Sinclair,2026-04-16,33.0,0.42,0.4,0.3,0.0,FAIBLE,🟢,Joueur en bonne condition physique
Kornel Misciur,2026-04-14,38.5,0.31,0.4,0.3,0.0,FAIBLE,🟢,Joueur en bonne condition physique
Harvey Elliott,2026-04-16,27.3,0.27,0.022,0.023,0.0,FAIBLE,🟢,Joueur en bonne condition physique
Ibou Sane,2026-04-17,19.2,0.78,0.52,0.0,0.0,FAIBLE,🟢,Joueur en bonne condition physique
Reece Welch,2026-04-17,28.0,1.13,0.8,0.0,0.0,FAIBLE,🟢,Joueur en bonne condition physique
Yann Gboho,2026-04-17,34.2,0.68,0.807,1.0,0.0,FAIBLE,🟢,Joueur en bonne condition physique
Diego Gómez,2026-04-18,30.8,0.77,0.836,0.54,0.0,FAIBLE,🟢,Joueur en bonne condition physique
Bandiougou Fadiga,2026-04-18,29.0,0.3,0.113,0.085,0.0,FAIBLE,🟢,Joueur en bonne condition physique
Estêvão,2026-04-18,15.0,0.88,0.429,0.0,0.0,FAIBLE,🟢,Joueur en bonne condition physique
Ademola Lookman,2026-04-18,31.1,1.15,0.46,0.038,0.0,FAIBLE,🟢,Joueur en bonne condition physique
Goncalo Guedes,2026-04-18,19.7,1.06,0.562,0.0,0.0,FAIBLE,🟢,Joueur en bonne condition physique
Marius Louer,2026-04-18,32.0,1.47,0.8,0.0,0.0,FAIBLE,🟢,Joueur en bonne condition physique
Luiz Felipe,2026-04-16,18.3,1.02,0.522,0.0,0.0,FAIBLE,🟢,Joueur en bonne condition physique
Renato Marin,2026-04-14,40.0,0.0,0.0,0.023,0.0,FAIBLE,🟢,Joueur en bonne condition physique
Alfie Brooks,2026-04-18,35.5,0.65,0.8,0.54,0.0,FAIBLE,🟢,Joueur en bonne condition physique
Anthony Gordon,2026-04-12,31.3,1.06,0.893,0.54,0.0,FAIBLE,🟢,Joueur en bonne condition physique
Eray Cömert,2026-04-11,24.3,1.0,0.693,0.0,0.0,FAIBLE,🟢,Joueur en bonne condition physique
Mohamed Abdelmonem,2026-04-12,36.5,0.32,0.356,0.267,0.0,FAIBLE,🟢,Joueur en bonne condition physique
Martin Bley,2026-04-12,26.6,0.27,0.002,0.023,0.0,FAIBLE,🟢,Joueur en bonne condition physique
Théo Le Bris,2026-04-12,24.5,0.77,0.658,0.0,0.0,FAIBLE,🟢,Joueur en bonne condition physique
Íñigo Lekue,2026-04-12,10.5,1.14,0.3,0.0,0.0,FAIBLE,🟢,Joueur en bonne condition physique
Nabil Bentaleb,2026-04-12,35.0,1.17,1.0,0.54,0.0,FAIBLE,🟢,Joueur en bonne condition physique
Reda Khadra,2026-04-12,26.9,0.3,0.053,0.04,0.0,FAIBLE,🟢,Joueur en bonne condition physique
Zito Luvumbo,2026-04-12,22.7,1.52,0.5,0.375,0.0,FAIBLE,🟢,Joueur en bonne condition physique
Franco Cervi,2026-04-12,39.5,0.01,0.0,0.023,0.0,FAIBLE,🟢,Joueur en bonne condition physique
Cristian Romero,2026-04-12,32.8,0.99,0.936,0.54,0.0,FAIBLE,🟢,Joueur en bonne condition physique
Pape Matar Sarr,2026-04-12,31.0,0.66,0.687,0.515,0.0,FAIBLE,🟢,Joueur en bonne condition physique
Hugo Ekitiké,2026-04-14,33.9,0.74,0.453,0.038,0.0,FAIBLE,🟢,Joueur en bonne condition physique
Joelinton,2026-04-12,27.3,1.16,0.78,0.0,0.0,FAIBLE,🟢,Joueur en bonne condition physique
Anthony Munda,2026-04-13,35.0,1.08,1.0,0.54,0.0,FAIBLE,🟢,Joueur en bonne condition physique
Aidan Harris,2026-04-13,28.0,1.23,0.8,0.0,0.0,FAIBLE,🟢,Joueur en bonne condition physique
Sam Chambers,2026-04-13,29.0,1.05,0.829,0.54,0.0,FAIBLE,🟢,Joueur en bonne condition physique
Rhys Chadwick-Chaplin,2026-04-13,35.0,1.0,1.0,0.54,0.0,FAIBLE,🟢,Joueur en bonne condition physique
Sam Byram,2026-04-13,11.7,0.57,0.007,0.023,0.0,FAIBLE,🟢,Joueur en bonne condition physique
Lisandro Martínez,2026-04-13,32.3,0.93,0.924,0.54,0.0,FAIBLE,🟢,Joueur en bonne condition physique
Park Seung-soo,2026-04-13,33.0,1.17,0.942,0.54,0.0,FAIBLE,🟢,Joueur en bonne condition physique
Zaid Romero,2026-04-13,35.0,1.07,1.0,0.54,0.0,FAIBLE,🟢,Joueur en bonne condition physique
Max Alleyne,2026-04-13,23.1,1.39,0.6,0.0,0.0,FAIBLE,🟢,Joueur en bonne condition physique
Daniel Semedo,2026-04-18,34.0,0.12,0.0,0.023,0.0,FAIBLE,🟢,Joueur en bonne condition physique
Ladislav Krejčí,2026-04-18,35.0,1.01,1.0,0.54,0.0,FAIBLE,🟢,Joueur en bonne condition physique
Max Marechal,2026-03-19,34.6,0.27,0.231,0.173,0.0,FAIBLE,🟢,Joueur en bonne condition physique
Yoann Becker,2026-04-19,40.0,0.0,0.0,0.023,0.0,FAIBLE,🟢,Joueur en bonne condition physique
Jacob Bruun Larsen,2026-04-19,7.8,0.79,0.209,0.0,0.0,FAIBLE,🟢,Joueur en bonne condition physique
Steeve Kango,2026-04-19,21.4,0.63,0.369,0.277,0.0,FAIBLE,🟢,Joueur en bonne condition physique
Vitinha,2026-04-19,22.3,0.89,0.638,0.0,0.0,FAIBLE,🟢,Joueur en bonne condition physique
Stefan Bajić,2026-04-19,40.0,0.0,0.0,0.023,0.0,FAIBLE,🟢,Joueur en bonne condition physique
Raphaël Le Guen,2026-04-19,0.7,0.98,0.02,0.0,0.0,FAIBLE,🟢,Joueur en bonne condition physique
Habibou Diallo,2026-04-19,23.3,0.85,0.667,0.0,0.0,FAIBLE,🟢,Joueur en bonne condition physique
Serigne Diop,2026-04-19,32.5,0.15,0.0,0.023,0.0,FAIBLE,🟢,Joueur en bonne condition physique
Jean-Baptiste Bosey,2026-04-19,40.0,0.0,0.0,0.023,0.0,FAIBLE,🟢,Joueur en bonne condition physique
Noham Kamara,2026-04-19,7.8,0.66,0.024,0.023,0.0,FAIBLE,🟢,Joueur en bonne condition physique
Remy Labeau Lascary,2026-04-19,24.4,1.29,0.696,0.0,0.0,FAIBLE,🟢,Joueur en bonne condition physique
Ismael Sierra Arnal,2026-04-19,35.0,1.03,1.0,0.54,0.0,FAIBLE,🟢,Joueur en bonne condition physique
Jarrad Branthwaite,2026-04-19,28.1,1.07,0.804,0.54,0.0,FAIBLE,🟢,Joueur en bonne condition physique
Francis Coquelin,2026-04-19,19.8,1.18,0.567,0.0,0.0,FAIBLE,🟢,Joueur en bonne condition physique
Vincent Marchetti,2026-04-19,5.9,0.81,0.169,0.0,0.0,FAIBLE,🟢,Joueur en bonne condition physique
Mathieu Cafaro,2026-04-19,15.7,0.5,0.02,0.023,0.0,FAIBLE,🟢,Joueur en bonne condition physique
Arnaud Nordin,2026-04-19,24.8,0.89,0.709,0.0,0.0,FAIBLE,🟢,Joueur en bonne condition physique
Thibault De Smet,2026-04-19,13.9,1.23,0.396,0.0,0.0,FAIBLE,🟢,Joueur en bonne condition physique
Gilbert Jordana,2026-04-21,33.5,0.13,0.0,0.023,0.0,FAIBLE,🟢,Joueur en bonne condition physique
Lucas Núñez,2026-04-21,33.5,0.13,0.0,0.023,0.0,FAIBLE,🟢,Joueur en bonne condition physique
Joel Fontanet Paredes,2026-04-21,40.0,0.0,0.0,0.023,0.0,FAIBLE,🟢,Joueur en bonne condition physique
Thierry Correia,2026-04-21,23.8,0.79,0.667,0.0,0.0,FAIBLE,🟢,Joueur en bonne condition physique
Jack Hinshelwood,2026-04-21,31.9,1.06,0.911,0.54,0.0,FAIBLE,🟢,Joueur en bonne condition physique
Krépin Diatta,2026-04-19,19.8,1.24,0.567,0.0,0.0,FAIBLE,🟢,Joueur en bonne condition physique
Beto,2026-04-19,29.5,1.19,0.844,0.54,0.0,FAIBLE,🟢,Joueur en bonne condition physique
Arouna Sangante,2026-04-18,33.8,1.02,0.967,0.54,0.0,FAIBLE,🟢,Joueur en bonne condition physique
Tiago Gouveia,2026-04-18,32.1,0.19,0.047,0.035,0.0,FAIBLE,🟢,Joueur en bonne condition physique
Stephan Zagadou,2026-04-18,29.8,0.22,0.022,0.023,0.0,FAIBLE,🟢,Joueur en bonne condition physique
Joshua Stephenson,2026-04-18,31.5,0.17,0.0,0.023,0.0,FAIBLE,🟢,Joueur en bonne condition physique
Luka Bentt,2026-04-18,39.5,0.01,0.0,0.023,0.0,FAIBLE,🟢,Joueur en bonne condition physique
Malik Olayiwola,2026-04-18,26.1,0.51,0.331,0.248,0.0,FAIBLE,🟢,Joueur en bonne condition physique
Destiny Udogie,2026-04-18,22.5,1.14,0.644,0.0,0.0,FAIBLE,🟢,Joueur en bonne condition physique
Igor Paixão,2026-04-18,31.4,0.91,0.896,0.54,0.0,FAIBLE,🟢,Joueur en bonne condition physique
Hamed Junior Traorè,2026-04-18,22.1,1.62,0.416,0.312,0.0,FAIBLE,🟢,Joueur en bonne condition physique
Bilal Nadir,2026-04-18,5.0,0.89,0.142,0.0,0.0,FAIBLE,🟢,Joueur en bonne condition physique
Alex Iwobi,2026-04-18,26.3,0.86,0.751,0.0,0.0,FAIBLE,🟢,Joueur en bonne condition physique
Tino Livramento,2026-04-18,24.1,1.18,0.689,0.0,0.0,FAIBLE,🟢,Joueur en bonne condition physique
Matheus Cunha,2026-04-18,31.1,1.03,0.889,0.54,0.0,FAIBLE,🟢,Joueur en bonne condition physique
Mario de Luis,2026-04-19,28.0,1.26,0.8,0.0,0.0,FAIBLE,🟢,Joueur en bonne condition physique
Gabin Bernardeau,2026-04-18,33.9,0.17,0.069,0.052,0.0,FAIBLE,🟢,Joueur en bonne condition physique
Noah Edjouma,2026-04-18,23.2,0.39,0.076,0.057,0.0,FAIBLE,🟢,Joueur en bonne condition physique
Donovan Léon,2026-04-19,27.1,0.95,0.773,0.0,0.0,FAIBLE,🟢,Joueur en bonne condition physique
Rodri,2026-04-19,28.1,1.09,0.804,0.54,0.0,FAIBLE,🟢,Joueur en bonne condition physique
Giorgi Mamardashvili,2026-04-19,47.5,1.11,0.929,0.6,0.0,FAIBLE,🟢,Joueur en bonne condition physique
Pape Cabral,2026-04-19,31.5,0.17,0.0,0.023,0.0,FAIBLE,🟢,Joueur en bonne condition physique
José Morante,2026-04-19,17.9,1.18,0.511,0.0,0.0,FAIBLE,🟢,Joueur en bonne condition physique
Murillo,2026-04-19,41.4,0.84,0.753,0.06,0.0,FAIBLE,🟢,Joueur en bonne condition physique
Amadou Onana,2026-04-19,43.4,1.06,0.811,0.6,0.0,FAIBLE,🟢,Joueur en bonne condition physique
Donovan Leon,2026-04-19,27.1,0.95,0.773,0.0,0.0,FAIBLE,🟢,Joueur en bonne condition physique
Fabien Centonze,2026-04-11,31.1,0.67,0.702,0.527,0.0,FAIBLE,🟢,Joueur en bonne condition physique
Geronimo Spina,2026-04-11,32.5,0.71,0.8,0.0,0.0,FAIBLE,🟢,Joueur en bonne condition physique
David Delgado,2026-04-11,37.5,0.05,0.0,0.023,0.0,FAIBLE,🟢,Joueur en bonne condition physique
Jules Stawiecki,2026-03-28,36.5,0.21,0.2,0.15,0.0,FAIBLE,🟢,Joueur en bonne condition physique
Ousmane Ba,2026-03-22,39.0,0.02,0.0,0.023,0.0,FAIBLE,🟢,Joueur en bonne condition physique
Angel Ortiz,2026-03-22,10.5,0.99,0.3,0.0,0.0,FAIBLE,🟢,Joueur en bonne condition physique
Murray Campbell,2026-03-23,35.0,1.0,1.0,0.54,0.0,FAIBLE,🟢,Joueur en bonne condition physique
Ellis Clark,2026-03-23,33.1,1.01,0.947,0.54,0.0,FAIBLE,🟢,Joueur en bonne condition physique
Brandon Pouani,2026-03-23,25.0,1.05,0.713,0.0,0.0,FAIBLE,🟢,Joueur en bonne condition physique
Ahmed Abdullahi,2026-03-23,15.1,1.32,0.418,0.0,0.0,FAIBLE,🟢,Joueur en bonne condition physique
Raphinha,2026-03-26,45.9,0.91,0.882,0.6,0.0,FAIBLE,🟢,Joueur en bonne condition physique
Jordan Henderson,2026-03-27,31.6,1.03,0.904,0.54,0.0,FAIBLE,🟢,Joueur en bonne condition physique
Matthias Oyatambwe,2026-03-28,30.0,0.34,0.2,0.15,0.0,FAIBLE,🟢,Joueur en bonne condition physique
Freddie Simmonds,2026-03-28,38.4,0.44,0.582,0.437,0.0,FAIBLE,🟢,Joueur en bonne condition physique
Adil Hamdani,2026-03-28,24.8,0.34,0.051,0.038,0.0,FAIBLE,🟢,Joueur en bonne condition physique
Junior Firpo,2026-03-22,37.7,0.59,0.349,0.291,0.0,FAIBLE,🟢,Joueur en bonne condition physique
Ander Izagirre,2026-03-29,15.5,0.93,0.442,0.0,0.0,FAIBLE,🟢,Joueur en bonne condition physique
Endika Buján,2026-03-29,18.8,1.44,0.442,0.0,0.0,FAIBLE,🟢,Joueur en bonne condition physique
Mathys de Carvalho,2026-03-30,54.5,0.01,0.0,0.025,0.0,FAIBLE,🟢,Joueur en bonne condition physique
Veljko Milosavljević,2026-03-31,54.5,0.01,0.0,0.025,0.0,FAIBLE,🟢,Joueur en bonne condition physique
Carl Starfelt,2026-03-31,28.6,1.01,0.818,0.54,0.0,FAIBLE,🟢,Joueur en bonne condition physique
Tom King,2026-03-31,40.0,0.0,0.0,0.023,0.0,FAIBLE,🟢,Joueur en bonne condition physique
Axel Tuanzebe,2026-03-31,26.8,1.16,0.767,0.0,0.0,FAIBLE,🟢,Joueur en bonne condition physique
Elias Legendre Quiñonez Zae,2026-03-31,29.9,0.24,0.053,0.04,0.0,FAIBLE,🟢,Joueur en bonne condition physique
Angus Gunn,2026-03-31,11.7,1.5,0.2,0.0,0.0,FAIBLE,🟢,Joueur en bonne condition physique
Ilan Jourdren,2026-03-31,40.5,0.27,0.4,0.3,0.0,FAIBLE,🟢,Joueur en bonne condition physique
Lilian Baret,2026-03-22,38.0,0.04,0.0,0.023,0.0,FAIBLE,🟢,Joueur en bonne condition physique
Cheick Doucouré,2026-03-22,20.8,1.36,0.553,0.0,0.0,FAIBLE,🟢,Joueur en bonne condition physique
Jorge Cuenca,2026-04-11,25.0,0.6,0.429,0.322,0.0,FAIBLE,🟢,Joueur en bonne condition physique
Adama Timera,2026-03-21,40.0,0.0,0.0,0.023,0.0,FAIBLE,🟢,Joueur en bonne condition physique
Jackson Izquierdo,2026-03-19,37.0,0.48,0.6,0.45,0.0,FAIBLE,🟢,Joueur en bonne condition physique
Tyrone Samba,2026-03-20,14.7,0.55,0.062,0.047,0.0,FAIBLE,🟢,Joueur en bonne condition physique
Igor Zubeldia,2026-03-20,25.2,1.04,0.72,0.0,0.0,FAIBLE,🟢,Joueur en bonne condition physique
Erawan Garnier,2026-03-20,1.1,1.1,0.031,0.0,0.0,FAIBLE,🟢,Joueur en bonne condition physique
Yann Llahona,2026-03-20,40.0,0.0,0.0,0.023,0.0,FAIBLE,🟢,Joueur en bonne condition physique
Deivid Washington,2026-03-20,12.4,0.62,0.098,0.073,0.0,FAIBLE,🟢,Joueur en bonne condition physique
Trevan Sanusi,2026-03-21,37.8,0.14,0.136,0.102,0.0,FAIBLE,🟢,Joueur en bonne condition physique
Antonio Raíllo,2026-03-21,32.4,1.31,0.918,0.54,0.0,FAIBLE,🟢,Joueur en bonne condition physique
James Milner,2026-03-21,27.9,1.36,0.758,0.0,0.0,FAIBLE,🟢,Joueur en bonne condition physique
Ashley Barnes,2026-03-21,9.2,0.7,0.12,0.0,0.0,FAIBLE,🟢,Joueur en bonne condition physique
Adri Fernández,2026-03-21,40.0,0.0,0.0,0.023,0.0,FAIBLE,🟢,Joueur en bonne condition physique
Geoffrey Kondogbia,2026-03-22,28.7,1.23,0.82,0.54,0.0,FAIBLE,🟢,Joueur en bonne condition physique
Unai Vencedor,2026-03-21,30.4,0.21,0.027,0.023,0.0,FAIBLE,🟢,Joueur en bonne condition physique
Hannibal Mejbri,2026-03-21,27.5,0.86,0.787,0.0,0.0,FAIBLE,🟢,Joueur en bonne condition physique
Youssouf Ndayishimiye,2026-03-21,22.6,0.74,0.56,0.0,0.0,FAIBLE,🟢,Joueur en bonne condition physique
Alejandro Panach Olmo,2026-03-21,37.5,0.05,0.0,0.023,0.0,FAIBLE,🟢,Joueur en bonne condition physique
Joaquin Panichelli,2026-03-22,40.5,0.88,0.729,0.06,0.0,FAIBLE,🟢,Joueur en bonne condition physique
Job Ochieng,2026-03-22,31.6,1.33,0.882,0.54,0.0,FAIBLE,🟢,Joueur en bonne condition physique
Kassoum Ouattara,2026-03-22,25.5,0.53,0.344,0.258,0.0,FAIBLE,🟢,Joueur en bonne condition physique
Guglielmo Vicario,2026-03-22,33.7,1.01,0.962,0.54,0.0,FAIBLE,🟢,Joueur en bonne condition physique
Malick Fofana,2026-03-22,29.1,0.59,0.531,0.398,0.0,FAIBLE,🟢,Joueur en bonne condition physique
Simon Moore,2026-03-22,40.0,0.0,0.0,0.023,0.0,FAIBLE,🟢,Joueur en bonne condition physique
Marius Courcoul,2026-03-31,45.0,0.23,0.044,0.037,0.0,FAIBLE,🟢,Joueur en bonne condition physique
Martín Krug,2026-03-31,21.1,0.62,0.347,0.26,0.0,FAIBLE,🟢,Joueur en bonne condition physique
Roberto Martín,2026-04-03,23.7,1.12,0.678,0.0,0.0,FAIBLE,🟢,Joueur en bonne condition physique
Luke Rawlings,2026-04-10,33.3,1.2,0.951,0.54,0.0,FAIBLE,🟢,Joueur en bonne condition physique
Finn Geragusyan,2026-04-06,22.0,1.11,0.629,0.0,0.0,FAIBLE,🟢,Joueur en bonne condition physique
Riccardo Calafiori,2026-04-07,27.6,1.29,0.789,0.0,0.0,FAIBLE,🟢,Joueur en bonne condition physique
Tyler Fredricson,2026-04-07,8.1,0.78,0.204,0.0,0.0,FAIBLE,🟢,Joueur en bonne condition physique
Andre Harriman-Annous,2026-04-07,34.5,0.39,0.4,0.3,0.0,FAIBLE,🟢,Joueur en bonne condition physique
Dávid Hancko,2026-04-08,29.4,0.68,0.669,0.502,0.0,FAIBLE,🟢,Joueur en bonne condition physique
Ghianny Kodia,2026-04-09,39.0,0.02,0.0,0.023,0.0,FAIBLE,🟢,Joueur en bonne condition physique
Evann Guessand,2026-04-09,26.0,0.95,0.742,0.0,0.0,FAIBLE,🟢,Joueur en bonne condition physique
Justin Hanks,2026-04-09,28.0,0.66,0.6,0.45,0.0,FAIBLE,🟢,Joueur en bonne condition physique
Guéla Doué,2026-04-09,29.3,1.01,0.838,0.54,0.0,FAIBLE,🟢,Joueur en bonne condition physique
Lass Kourouma,2026-04-10,39.0,0.02,0.0,0.023,0.0,FAIBLE,🟢,Joueur en bonne condition physique
Abel Ruíz,2026-04-10,13.6,1.42,0.307,0.0,0.0,FAIBLE,🟢,Joueur en bonne condition physique
Alex Cairns,2026-04-03,21.3,1.61,0.4,0.3,0.0,FAIBLE,🟢,Joueur en bonne condition physique
Maxime Colin,2026-04-10,32.3,1.14,0.922,0.54,0.0,FAIBLE,🟢,Joueur en bonne condition physique
Dylan Charlton,2026-04-10,25.8,1.23,0.738,0.0,0.0,FAIBLE,🟢,Joueur en bonne condition physique
Yerson Mosquera,2026-04-10,19.5,0.81,0.558,0.0,0.0,FAIBLE,🟢,Joueur en bonne condition physique
Scott Bailey,2026-04-10,30.8,1.1,0.88,0.54,0.0,FAIBLE,🟢,Joueur en bonne condition physique
Przemyslaw Frankowski,2026-04-11,20.5,0.73,0.487,0.0,0.0,FAIBLE,🟢,Joueur en bonne condition physique
Pol Tristan,2026-04-11,40.0,0.0,0.0,0.023,0.0,FAIBLE,🟢,Joueur en bonne condition physique
Przemysław Frankowski,2026-04-11,20.5,0.73,0.487,0.0,0.0,FAIBLE,🟢,Joueur en bonne condition physique
Joan Jordán,2026-04-11,39.5,0.01,0.0,0.023,0.0,FAIBLE,🟢,Joueur en bonne condition physique
Solly March,2026-04-11,10.6,0.77,0.26,0.0,0.0,FAIBLE,🟢,Joueur en bonne condition physique
Mamadou Koné,2026-04-11,28.2,0.28,0.064,0.048,0.0,FAIBLE,🟢,Joueur en bonne condition physique
Vladyslav Vanat,2026-04-06,31.4,0.65,0.682,0.512,0.0,FAIBLE,🟢,Joueur en bonne condition physique
Timothée Kolodziejczak,2026-04-05,35.0,0.1,0.0,0.023,0.0,FAIBLE,🟢,Joueur en bonne condition physique
Paul Argney,2026-04-05,36.0,0.36,0.4,0.3,0.0,FAIBLE,🟢,Joueur en bonne condition physique
Ruben Montero,2026-04-05,40.0,0.0,0.0,0.023,0.0,FAIBLE,🟢,Joueur en bonne condition physique
Eric da Silva Moreira,2026-04-03,31.3,1.94,0.464,0.348,0.0,FAIBLE,🟢,Joueur en bonne condition physique
Charlie Tasker,2026-04-03,31.6,1.12,0.902,0.54,0.0,FAIBLE,🟢,Joueur en bonne condition physique
Aarón Anselmino,2026-04-04,18.5,0.5,0.1,0.075,0.0,FAIBLE,🟢,Joueur en bonne condition physique
Bradley Locko,2026-04-04,20.6,1.22,0.589,0.0,0.0,FAIBLE,🟢,Joueur en bonne condition physique
Marc Bernal,2026-04-04,21.4,0.73,0.511,0.0,0.0,FAIBLE,🟢,Joueur en bonne condition physique
Jose Maria Gimenez,2026-04-04,19.2,1.02,0.549,0.0,0.0,FAIBLE,🟢,Joueur en bonne condition physique
Soriba Diaoune,2026-04-04,34.4,0.13,0.027,0.023,0.0,FAIBLE,🟢,Joueur en bonne condition physique
Nidal Čelik,2026-04-04,16.6,0.84,0.473,0.0,0.0,FAIBLE,🟢,Joueur en bonne condition physique
Mateo Joseph,2026-04-04,27.8,0.92,0.793,0.0,0.0,FAIBLE,🟢,Joueur en bonne condition physique
Anthony Bermont,2026-04-04,17.7,0.49,0.064,0.048,0.0,FAIBLE,🟢,Joueur en bonne condition physique
Fode Sylla,2026-04-04,1.2,1.32,0.02,0.0,0.0,FAIBLE,🟢,Joueur en bonne condition physique
Telli Siwe,2026-04-05,34.0,0.33,0.3,0.225,0.0,FAIBLE,🟢,Joueur en bonne condition physique
Montassar Talbi,2026-04-05,35.0,0.99,1.0,0.54,0.0,FAIBLE,🟢,Joueur en bonne condition physique
Yassin Belkhdim,2026-04-05,28.4,1.03,0.811,0.54,0.0,FAIBLE,🟢,Joueur en bonne condition physique
Oumar Pona,2026-04-05,14.0,0.98,0.4,0.0,0.0,FAIBLE,🟢,Joueur en bonne condition physique
Conrad Jaden Egan-Riley,2026-04-05,27.3,2.0,0.309,0.232,0.0,FAIBLE,🟢,Joueur en bonne condition physique
Unai Eguíluz,2026-04-05,39.7,0.43,0.607,0.455,0.0,FAIBLE,🟢,Joueur en bonne condition physique
Believe Munongo,2026-04-05,17.9,0.88,0.082,0.007,0.0,FAIBLE,🟢,Joueur en bonne condition physique
Keiber Lamadrid,2026-04-05,39.1,0.25,0.331,0.248,0.0,FAIBLE,🟢,Joueur en bonne condition physique
Maroan Sannadi,2026-04-05,6.1,0.94,0.173,0.0,0.0,FAIBLE,🟢,Joueur en bonne condition physique
Finlay Herrick,2026-04-05,35.6,0.09,0.002,0.023,0.0,FAIBLE,🟢,Joueur en bonne condition physique
Amine Gouiri,2026-04-18,29.5,1.06,0.842,0.54,0.0,FAIBLE,🟢,Joueur en bonne condition physique
Miloš Kerkez,2026-04-25,27.3,0.56,0.436,0.327,0.0,FAIBLE,🟢,Joueur en bonne condition physique
Amine Sbai,2026-04-25,32.9,1.0,0.94,0.54,0.0,FAIBLE,🟢,Joueur en bonne condition physique
Ruben Garcia,2026-04-26,29.1,0.99,0.831,0.54,0.0,FAIBLE,🟢,Joueur en bonne condition physique
Enzo Boyomo,2026-04-26,35.0,1.22,1.0,0.54,0.0,FAIBLE,🟢,Joueur en bonne condition physique
Hugo Lopez,2026-04-26,22.4,0.76,0.582,0.0,0.0,FAIBLE,🟢,Joueur en bonne condition physique
Jon Moncayola,2026-04-26,34.5,1.03,0.987,0.54,0.0,FAIBLE,🟢,Joueur en bonne condition physique
Quentin Merlin,2026-04-26,35.0,1.02,1.0,0.54,0.0,FAIBLE,🟢,Joueur en bonne condition physique
Pau Navarro,2026-04-26,34.0,0.61,0.7,0.525,0.0,FAIBLE,🟢,Joueur en bonne condition physique
Alfonso Pedraza,2026-04-26,19.3,1.09,0.551,0.0,0.0,FAIBLE,🟢,Joueur en bonne condition physique
Gerard Moreno,2026-04-26,26.7,1.17,0.764,0.0,0.0,FAIBLE,🟢,Joueur en bonne condition physique
Georges Mikautadze,2026-04-26,25.7,0.97,0.733,0.0,0.0,FAIBLE,🟢,Joueur en bonne condition physique
Mahdi Camara,2026-04-26,34.0,1.0,0.971,0.54,0.0,FAIBLE,🟢,Joueur en bonne condition physique
Aitor Fernández,2026-04-26,40.0,0.0,0.0,0.023,0.0,FAIBLE,🟢,Joueur en bonne condition physique
Luiz Júnior,2026-04-26,41.5,0.39,0.6,0.45,0.0,FAIBLE,🟢,Joueur en bonne condition physique
Josan,2026-04-26,15.3,0.53,0.051,0.038,0.0,FAIBLE,🟢,Joueur en bonne condition physique
Andre Silva,2026-04-26,25.3,1.11,0.724,0.0,0.0,FAIBLE,🟢,Joueur en bonne condition physique
Tani Oluwaseyi,2026-04-26,14.8,0.98,0.422,0.0,0.0,FAIBLE,🟢,Joueur en bonne condition physique
Sergio Herrera,2026-04-26,35.0,1.0,1.0,0.54,0.0,FAIBLE,🟢,Joueur en bonne condition physique
Valentin Rongier,2026-04-26,35.0,1.03,1.0,0.54,0.0,FAIBLE,🟢,Joueur en bonne condition physique
Alejandro Catena,2026-04-26,32.5,1.04,0.929,0.54,0.0,FAIBLE,🟢,Joueur en bonne condition physique
Willy Kambwala,2026-04-26,36.5,0.07,0.0,0.023,0.0,FAIBLE,🟢,Joueur en bonne condition physique
Lucas Torro,2026-04-26,21.1,0.61,0.331,0.248,0.0,FAIBLE,🟢,Joueur en bonne condition physique
Alberto Moleiro,2026-04-26,21.1,1.1,0.604,0.0,0.0,FAIBLE,🟢,Joueur en bonne condition physique
Victor Muñoz,2026-04-26,26.7,1.12,0.764,0.0,0.0,FAIBLE,🟢,Joueur en bonne condition physique
Ludovic Blas,2026-04-26,31.5,1.17,0.9,0.54,0.0,FAIBLE,🟢,Joueur en bonne condition physique
Hector Fort,2026-04-26,12.5,1.04,0.356,0.0,0.0,FAIBLE,🟢,Joueur en bonne condition physique
Adrià Pedrosa,2026-04-26,14.2,1.42,0.324,0.0,0.0,FAIBLE,🟢,Joueur en bonne condition physique
Jon de Luis,2026-04-26,34.2,1.07,0.976,0.54,0.0,FAIBLE,🟢,Joueur en bonne condition physique
Yassir Zabiri,2026-04-26,7.5,0.67,0.029,0.023,0.0,FAIBLE,🟢,Joueur en bonne condition physique
Karim Dermane,2026-04-26,31.1,0.46,0.402,0.302,0.0,FAIBLE,🟢,Joueur en bonne condition physique
Selton Sanchez,2026-04-26,17.4,1.25,0.498,0.0,0.0,FAIBLE,🟢,Joueur en bonne condition physique
Arthur Avom Ebong,2026-04-26,24.1,0.8,0.689,0.0,0.0,FAIBLE,🟢,Joueur en bonne condition physique
Darlin Yongwa,2026-04-26,12.3,0.72,0.238,0.0,0.0,FAIBLE,🟢,Joueur en bonne condition physique
Pablo Pagis,2026-04-26,28.8,1.11,0.822,0.54,0.0,FAIBLE,🟢,Joueur en bonne condition physique
Haissem Hassan,2026-04-26,11.0,1.1,0.313,0.0,0.0,FAIBLE,🟢,Joueur en bonne condition physique
Sebastian Szymański,2026-04-26,16.9,0.81,0.482,0.0,0.0,FAIBLE,🟢,Joueur en bonne condition physique
Mousa Tamari,2026-04-26,26.0,1.08,0.742,0.0,0.0,FAIBLE,🟢,Joueur en bonne condition physique
Mathys Silistrie,2026-04-26,39.0,0.02,0.0,0.023,0.0,FAIBLE,🟢,Joueur en bonne condition physique
Javi Galán,2026-04-26,34.9,1.01,0.998,0.54,0.0,FAIBLE,🟢,Joueur en bonne condition physique
Nicolas Pépé,2026-04-26,25.5,1.05,0.729,0.0,0.0,FAIBLE,🟢,Joueur en bonne condition physique
Buba Sangare,2026-04-26,23.9,1.33,0.664,0.0,0.0,FAIBLE,🟢,Joueur en bonne condition physique
Aimar Oroz,2026-04-26,28.6,0.94,0.816,0.54,0.0,FAIBLE,🟢,Joueur en bonne condition physique
Arnau Tenas,2026-04-26,32.1,2.07,0.4,0.3,0.0,FAIBLE,🟢,Joueur en bonne condition physique
Dimitrios Stamatakis,2026-04-26,40.0,0.0,0.0,0.023,0.0,FAIBLE,🟢,Joueur en bonne condition physique
Ante Budimir,2026-04-26,31.6,1.11,0.902,0.54,0.0,FAIBLE,🟢,Joueur en bonne condition physique
Pape Gueye,2026-04-26,31.6,1.01,0.904,0.54,0.0,FAIBLE,🟢,Joueur en bonne condition physique
Jorge Herrando,2026-04-26,17.5,0.67,0.313,0.235,0.0,FAIBLE,🟢,Joueur en bonne condition physique
Valentin Rosier,2026-04-26,35.0,1.01,1.0,0.54,0.0,FAIBLE,🟢,Joueur en bonne condition physique
Sergi Cardona,2026-04-26,15.7,0.82,0.449,0.0,0.0,FAIBLE,🟢,Joueur en bonne condition physique
Iker Muñoz,2026-04-26,21.4,1.18,0.611,0.0,0.0,FAIBLE,🟢,Joueur en bonne condition physique
Álvaro Rodriguez,2026-04-26,23.7,1.07,0.678,0.0,0.0,FAIBLE,🟢,Joueur en bonne condition physique
Pedro Díaz,2026-04-26,20.8,0.98,0.593,0.0,0.0,FAIBLE,🟢,Joueur en bonne condition physique
Rafa Mir,2026-04-26,27.4,0.69,0.627,0.47,0.0,FAIBLE,🟢,Joueur en bonne condition physique
Marc Aguado,2026-04-26,24.8,1.01,0.709,0.0,0.0,FAIBLE,🟢,Joueur en bonne condition physique
Renato Veiga,2026-04-26,29.5,1.16,0.844,0.54,0.0,FAIBLE,🟢,Joueur en bonne condition physique
Martim Neto,2026-04-26,16.6,0.82,0.473,0.0,0.0,FAIBLE,🟢,Joueur en bonne condition physique
Grady Diangana,2026-04-26,20.1,0.64,0.347,0.26,0.0,FAIBLE,🟢,Joueur en bonne condition physique
Víctor Chust,2026-04-26,34.6,0.46,0.502,0.377,0.0,FAIBLE,🟢,Joueur en bonne condition physique
Pedro Bigas,2026-04-26,18.9,1.19,0.54,0.0,0.0,FAIBLE,🟢,Joueur en bonne condition physique
Aleix Febas,2026-04-26,34.0,1.02,0.971,0.54,0.0,FAIBLE,🟢,Joueur en bonne condition physique
Tete Morente,2026-04-26,28.4,0.94,0.811,0.54,0.0,FAIBLE,🟢,Joueur en bonne condition physique
Gonzalo Villar,2026-04-26,32.1,1.7,0.647,0.485,0.0,FAIBLE,🟢,Joueur en bonne condition physique
David Affengruber,2026-04-26,28.0,1.16,0.8,0.0,0.0,FAIBLE,🟢,Joueur en bonne condition physique
Breel Embolo,2026-04-26,29.4,1.22,0.84,0.54,0.0,FAIBLE,🟢,Joueur en bonne condition physique
Aihen Muñoz,2026-04-26,11.5,1.21,0.329,0.0,0.0,FAIBLE,🟢,Joueur en bonne condition physique
Sergio Gómez,2026-04-26,34.8,1.02,0.993,0.54,0.0,FAIBLE,🟢,Joueur en bonne condition physique
Santi Comesaña,2026-04-26,34.9,1.09,0.998,0.54,0.0,FAIBLE,🟢,Joueur en bonne condition physique
Carlos Soler,2026-04-26,35.0,1.11,1.0,0.54,0.0,FAIBLE,🟢,Joueur en bonne condition physique
Alexander Freeman,2026-04-26,24.4,1.67,0.447,0.335,0.0,FAIBLE,🟢,Joueur en bonne condition physique
Aritz Elustondo,2026-04-26,12.4,0.85,0.353,0.0,0.0,FAIBLE,🟢,Joueur en bonne condition physique
Iñaki Peña,2026-04-26,39.5,0.01,0.0,0.023,0.0,FAIBLE,🟢,Joueur en bonne condition physique
Teddy Sharman-Lowe,2026-04-26,37.5,0.05,0.0,0.023,0.0,FAIBLE,🟢,Joueur en bonne condition physique
Trevoh Chalobah,2026-04-26,28.4,1.08,0.811,0.54,0.0,FAIBLE,🟢,Joueur en bonne condition physique
Dante,2026-04-26,32.3,0.57,0.593,0.445,0.0,FAIBLE,🟢,Joueur en bonne condition physique
Ferran Jutglà,2026-04-26,24.8,0.96,0.709,0.0,0.0,FAIBLE,🟢,Joueur en bonne condition physique
Rafael Luis,2026-04-26,43.8,1.93,0.4,0.333,0.0,FAIBLE,🟢,Joueur en bonne condition physique
Ben Chilwell,2026-04-26,33.0,0.59,0.644,0.483,0.0,FAIBLE,🟢,Joueur en bonne condition physique
Federico Redondo,2026-04-26,28.9,0.26,0.053,0.04,0.0,FAIBLE,🟢,Joueur en bonne condition physique
Germán Valera,2026-04-26,31.3,0.76,0.838,0.54,0.0,FAIBLE,🟢,Joueur en bonne condition physique
Matías Dituro,2026-04-26,35.0,1.08,1.0,0.54,0.0,FAIBLE,🟢,Joueur en bonne condition physique
Léo Pétrot,2026-04-26,25.1,0.72,0.602,0.0,0.0,FAIBLE,🟢,Joueur en bonne condition physique
Wesley,2026-04-26,0.9,0.86,0.027,0.0,0.0,FAIBLE,🟢,Joueur en bonne condition physique
Orri Steinn Óskarsson,2026-04-26,21.8,1.28,0.624,0.0,0.0,FAIBLE,🟢,Joueur en bonne condition physique
Pablo Marín,2026-04-26,14.6,1.06,0.416,0.0,0.0,FAIBLE,🟢,Joueur en bonne condition physique
Abdelhamid Ait Boudlal,2026-04-26,32.0,1.47,0.8,0.0,0.0,FAIBLE,🟢,Joueur en bonne condition physique
Luken Beitia,2026-04-26,34.6,0.13,0.031,0.023,0.0,FAIBLE,🟢,Joueur en bonne condition physique
Rafa Marín,2026-04-26,17.5,1.17,0.5,0.0,0.0,FAIBLE,🟢,Joueur en bonne condition physique
Jon Gorrotxategi,2026-04-26,16.2,0.86,0.462,0.0,0.0,FAIBLE,🟢,Joueur en bonne condition physique
Mikel Oyarzabal,2026-04-26,22.7,1.12,0.649,0.0,0.0,FAIBLE,🟢,Joueur en bonne condition physique
Luka Sučić,2026-04-26,23.7,0.87,0.676,0.0,0.0,FAIBLE,🟢,Joueur en bonne condition physique
Ander Barrenetxea,2026-04-26,20.7,0.97,0.591,0.0,0.0,FAIBLE,🟢,Joueur en bonne condition physique
Brais Méndez,2026-04-26,18.6,0.64,0.302,0.227,0.0,FAIBLE,🟢,Joueur en bonne condition physique
Jon Aramburu,2026-04-26,33.3,0.97,0.951,0.54,0.0,FAIBLE,🟢,Joueur en bonne condition physique
Álex Remiro,2026-04-26,28.0,1.18,0.8,0.0,0.0,FAIBLE,🟢,Joueur en bonne condition physique
Aitor Fraga,2026-04-26,38.5,0.17,0.2,0.15,0.0,FAIBLE,🟢,Joueur en bonne condition physique
Jon Martin,2026-04-26,35.0,1.1,1.0,0.54,0.0,FAIBLE,🟢,Joueur en bonne condition physique
Esteban Lepaul,2026-04-26,35.0,1.06,1.0,0.54,0.0,FAIBLE,🟢,Joueur en bonne condition physique
Takefusa Kubo,2026-04-26,16.7,0.96,0.476,0.0,0.0,FAIBLE,🟢,Joueur en bonne condition physique
Arsen Zakharyan,2026-04-26,36.6,0.08,0.018,0.023,0.0,FAIBLE,🟢,Joueur en bonne condition physique
Duje Caleta-Car,2026-04-26,35.0,1.17,1.0,0.54,0.0,FAIBLE,🟢,Joueur en bonne condition physique
Logan Costa,2026-04-26,36.0,0.64,0.8,0.54,0.0,FAIBLE,🟢,Joueur en bonne condition physique
Beñat Turrientes,2026-04-26,24.8,0.94,0.709,0.0,0.0,FAIBLE,🟢,Joueur en bonne condition physique
Asier Hierro,2026-04-26,10.2,0.98,0.291,0.0,0.0,FAIBLE,🟢,Joueur en bonne condition physique
Aiyegun Tosin,2026-04-26,6.9,0.94,0.196,0.0,0.0,FAIBLE,🟢,Joueur en bonne condition physique
Adam Armstrong,2026-04-25,28.6,1.1,0.816,0.54,0.0,FAIBLE,🟢,Joueur en bonne condition physique
Yvon Mvogo,2026-04-26,35.0,1.11,1.0,0.54,0.0,FAIBLE,🟢,Joueur en bonne condition physique
Panos Katseris,2026-04-26,25.2,1.53,0.564,0.423,0.0,FAIBLE,🟢,Joueur en bonne condition physique
Lilian Brassier,2026-04-26,35.0,1.04,1.0,0.54,0.0,FAIBLE,🟢,Joueur en bonne condition physique
Stevan Siba,2026-04-26,40.0,0.0,0.0,0.023,0.0,FAIBLE,🟢,Joueur en bonne condition physique
Noah Cadiou,2026-04-26,35.0,1.05,1.0,0.54,0.0,FAIBLE,🟢,Joueur en bonne condition physique
Arsène Kouassi,2026-04-26,33.7,1.03,0.962,0.54,0.0,FAIBLE,🟢,Joueur en bonne condition physique
Abdoulaye Faye,2026-04-26,35.0,1.07,1.0,0.54,0.0,FAIBLE,🟢,Joueur en bonne condition physique
Laurent Abergel,2026-04-26,24.0,0.89,0.687,0.0,0.0,FAIBLE,🟢,Joueur en bonne condition physique
Nicolas Fonseca,2026-04-26,18.7,1.25,0.533,0.0,0.0,FAIBLE,🟢,Joueur en bonne condition physique
Djaoui Cissé,2026-04-26,17.0,0.53,0.1,0.075,0.0,FAIBLE,🟢,Joueur en bonne condition physique
Dani Calvo,2026-04-26,21.0,0.84,0.6,0.0,0.0,FAIBLE,🟢,Joueur en bonne condition physique
Nacho Vidal,2026-04-26,34.5,1.1,0.987,0.54,0.0,FAIBLE,🟢,Joueur en bonne condition physique
Nathaniel Adjei,2026-04-26,32.2,1.48,0.8,0.0,0.0,FAIBLE,🟢,Joueur en bonne condition physique
Eric Bailly,2026-04-26,31.5,0.73,0.8,0.0,0.0,FAIBLE,🟢,Joueur en bonne condition physique
Ovie Ejaria,2026-04-26,17.1,0.5,0.06,0.045,0.0,FAIBLE,🟢,Joueur en bonne condition physique
Kwasi Sibo,2026-04-26,24.1,0.89,0.689,0.0,0.0,FAIBLE,🟢,Joueur en bonne condition physique
Lucien Agoumé,2026-04-26,30.6,1.03,0.873,0.54,0.0,FAIBLE,🟢,Joueur en bonne condition physique
Horațiu Moldovan,2026-04-26,40.0,0.0,0.0,0.023,0.0,FAIBLE,🟢,Joueur en bonne condition physique
Akor Adams,2026-04-26,28.6,0.75,0.747,0.0,0.0,FAIBLE,🟢,Joueur en bonne condition physique
José Ángel Carmona,2026-04-26,19.5,1.18,0.556,0.0,0.0,FAIBLE,🟢,Joueur en bonne condition physique
Gabriel Suazo,2026-04-26,15.4,1.03,0.44,0.0,0.0,FAIBLE,🟢,Joueur en bonne condition physique
Oso,2026-04-26,27.9,1.17,0.798,0.0,0.0,FAIBLE,🟢,Joueur en bonne condition physique
Ørjan Nyland,2026-04-26,29.5,0.28,0.1,0.075,0.0,FAIBLE,🟢,Joueur en bonne condition physique
Bingourou Kamara,2026-04-26,37.0,0.06,0.0,0.023,0.0,FAIBLE,🟢,Joueur en bonne condition physique
Anthony Rouault,2026-04-26,40.8,0.26,0.393,0.295,0.0,FAIBLE,🟢,Joueur en bonne condition physique
Ahmadou Bamba Dieng,2026-04-26,22.6,1.1,0.647,0.0,0.0,FAIBLE,🟢,Joueur en bonne condition physique
Deiver Machado,2026-04-26,31.5,1.27,0.9,0.54,0.0,FAIBLE,🟢,Joueur en bonne condition physique
Ali Youssef,2026-04-26,31.5,1.12,0.9,0.54,0.0,FAIBLE,🟢,Joueur en bonne condition physique
Will Wright,2026-04-26,28.1,1.11,0.802,0.54,0.0,FAIBLE,🟢,Joueur en bonne condition physique
Jonathan Ikoné,2026-04-26,23.2,1.07,0.662,0.0,0.0,FAIBLE,🟢,Joueur en bonne condition physique
Urie-Michel Mboula,2026-04-26,19.8,1.04,0.567,0.0,0.0,FAIBLE,🟢,Joueur en bonne condition physique
Gauthier Hein,2026-04-26,35.0,1.1,1.0,0.54,0.0,FAIBLE,🟢,Joueur en bonne condition physique
Benjamin Stambouli,2026-04-26,17.1,1.03,0.489,0.0,0.0,FAIBLE,🟢,Joueur en bonne condition physique
Matthis Abline,2026-04-26,26.0,1.05,0.742,0.0,0.0,FAIBLE,🟢,Joueur en bonne condition physique
Giorgi Kvilitaia,2026-04-26,18.4,1.61,0.316,0.237,0.0,FAIBLE,🟢,Joueur en bonne condition physique
Alpha Touré,2026-04-26,19.8,0.78,0.538,0.0,0.0,FAIBLE,🟢,Joueur en bonne condition physique
Koffi Kouao,2026-04-26,33.5,0.69,0.8,0.54,0.0,FAIBLE,🟢,Joueur en bonne condition physique
Sadibou Sané,2026-04-26,35.0,1.01,1.0,0.54,0.0,FAIBLE,🟢,Joueur en bonne condition physique
Louis Leroux,2026-04-26,14.6,1.21,0.416,0.0,0.0,FAIBLE,🟢,Joueur en bonne condition physique
Terry Yegbe,2026-04-26,24.0,1.48,0.564,0.0,0.0,FAIBLE,🟢,Joueur en bonne condition physique
Giorgi Tsitaishvili,2026-04-26,34.6,1.05,0.989,0.54,0.0,FAIBLE,🟢,Joueur en bonne condition physique
Ignatius Kpene Ganago,2026-04-26,26.1,1.09,0.747,0.0,0.0,FAIBLE,🟢,Joueur en bonne condition physique
Ármin Pécsi,2026-04-26,23.3,1.02,0.667,0.0,0.0,FAIBLE,🟢,Joueur en bonne condition physique
Pierre Lees Melou,2026-04-26,34.6,1.03,0.989,0.54,0.0,FAIBLE,🟢,Joueur en bonne condition physique
Alimami Gory,2026-04-26,12.6,1.15,0.36,0.0,0.0,FAIBLE,🟢,Joueur en bonne condition physique
Moses Simon,2026-04-26,30.6,1.11,0.873,0.54,0.0,FAIBLE,🟢,Joueur en bonne condition physique
Diego Coppola,2026-04-26,35.0,1.07,1.0,0.54,0.0,FAIBLE,🟢,Joueur en bonne condition physique
Kevin Trapp,2026-04-26,28.0,0.91,0.8,0.0,0.0,FAIBLE,🟢,Joueur en bonne condition physique
Alfon González,2026-04-26,14.0,1.11,0.4,0.0,0.0,FAIBLE,🟢,Joueur en bonne condition physique
Glen Kamara,2026-04-26,11.1,0.59,0.018,0.023,0.0,FAIBLE,🟢,Joueur en bonne condition physique
Edu Altozano,2026-04-26,25.9,1.15,0.74,0.0,0.0,FAIBLE,🟢,Joueur en bonne condition physique
Alexis Sánchez,2026-04-26,27.3,0.37,0.167,0.125,0.0,FAIBLE,🟢,Joueur en bonne condition physique
Pablo Agudín,2026-04-26,16.8,0.49,0.036,0.027,0.0,FAIBLE,🟢,Joueur en bonne condition physique
Pathé Ismaël Ciss,2026-04-26,31.5,1.15,0.9,0.54,0.0,FAIBLE,🟢,Joueur en bonne condition physique
Moisés Caicedo,2026-04-26,27.4,1.09,0.782,0.0,0.0,FAIBLE,🟢,Joueur en bonne condition physique
Juanpe,2026-04-26,40.0,0.0,0.0,0.023,0.0,FAIBLE,🟢,Joueur en bonne condition physique
Óscar Trejo,2026-04-26,38.5,0.03,0.0,0.023,0.0,FAIBLE,🟢,Joueur en bonne condition physique
Dani Cárdenas,2026-04-26,32.8,1.8,0.6,0.45,0.0,FAIBLE,🟢,Joueur en bonne condition physique
Bamo Meïté,2026-04-26,35.0,1.07,1.0,0.54,0.0,FAIBLE,🟢,Joueur en bonne condition physique
Marc Cucurella,2026-04-26,28.0,1.18,0.8,0.0,0.0,FAIBLE,🟢,Joueur en bonne condition physique
Cole Palmer,2026-04-26,25.4,0.79,0.711,0.0,0.0,FAIBLE,🟢,Joueur en bonne condition physique
Óscar Valentín,2026-04-26,15.4,0.75,0.369,0.0,0.0,FAIBLE,🟢,Joueur en bonne condition physique
Eder Garcia,2026-04-26,27.2,1.02,0.776,0.0,0.0,FAIBLE,🟢,Joueur en bonne condition physique
Santiago Colombatto,2026-04-26,13.3,0.86,0.38,0.0,0.0,FAIBLE,🟢,Joueur en bonne condition physique
Nemanja Gudelj,2026-04-26,25.6,0.7,0.589,0.0,0.0,FAIBLE,🟢,Joueur en bonne condition physique
Federico Viñas,2026-04-26,30.4,1.08,0.869,0.54,0.0,FAIBLE,🟢,Joueur en bonne condition physique
David Costas,2026-04-26,15.3,0.92,0.436,0.0,0.0,FAIBLE,🟢,Joueur en bonne condition physique
Aaron Escandell,2026-04-26,35.0,1.0,1.0,0.54,0.0,FAIBLE,🟢,Joueur en bonne condition physique
Mohamed Bamba,2026-04-26,38.5,0.03,0.0,0.023,0.0,FAIBLE,🟢,Joueur en bonne condition physique
Alberto Reina,2026-04-26,30.2,1.04,0.862,0.54,0.0,FAIBLE,🟢,Joueur en bonne condition physique
Lucas Ahijado,2026-04-26,34.3,0.27,0.222,0.167,0.0,FAIBLE,🟢,Joueur en bonne condition physique
Mikel Santos,2026-04-26,35.0,1.04,1.0,0.54,0.0,FAIBLE,🟢,Joueur en bonne condition physique
Brice Samba,2026-04-26,35.0,1.06,1.0,0.54,0.0,FAIBLE,🟢,Joueur en bonne condition physique
Ilyas Chaira,2026-04-26,34.4,1.11,0.982,0.54,0.0,FAIBLE,🟢,Joueur en bonne condition physique
Alidu Seidu,2026-04-26,24.4,1.38,0.644,0.0,0.0,FAIBLE,🟢,Joueur en bonne condition physique
Enzo Fernández,2026-04-26,30.9,1.07,0.884,0.54,0.0,FAIBLE,🟢,Joueur en bonne condition physique
Josep Chavarría,2026-04-26,29.8,1.15,0.851,0.54,0.0,FAIBLE,🟢,Joueur en bonne condition physique
Alejandro Garnacho,2026-04-26,18.8,1.15,0.538,0.0,0.0,FAIBLE,🟢,Joueur en bonne condition physique
João Pedro,2026-04-26,25.3,1.13,0.724,0.0,0.0,FAIBLE,🟢,Joueur en bonne condition physique
Neal Maupay,2026-04-26,17.3,1.08,0.493,0.0,0.0,FAIBLE,🟢,Joueur en bonne condition physique
Tanguy Nianzou,2026-04-26,32.4,0.32,0.24,0.18,0.0,FAIBLE,🟢,Joueur en bonne condition physique
Chidera Ejuke,2026-04-26,24.3,0.35,0.051,0.038,0.0,FAIBLE,🟢,Joueur en bonne condition physique
Adnan Januzaj,2026-04-26,37.0,0.06,0.0,0.023,0.0,FAIBLE,🟢,Joueur en bonne condition physique
Djibril Sow,2026-04-26,16.1,1.04,0.46,0.0,0.0,FAIBLE,🟢,Joueur en bonne condition physique
Ruben Vargas,2026-04-26,28.1,1.13,0.804,0.54,0.0,FAIBLE,🟢,Joueur en bonne condition physique
Manu Bueno,2026-04-26,14.8,1.11,0.424,0.0,0.0,FAIBLE,🟢,Joueur en bonne condition physique
Juanlu Sánchez,2026-04-26,27.6,0.72,0.673,0.0,0.0,FAIBLE,🟢,Joueur en bonne condition physique
Odysseas Vlachodimos,2026-04-26,28.0,1.06,0.8,0.0,0.0,FAIBLE,🟢,Joueur en bonne condition physique
Kike Salas,2026-04-26,35.0,1.0,1.0,0.54,0.0,FAIBLE,🟢,Joueur en bonne condition physique
Federico Gattoni,2026-04-26,38.5,0.03,0.0,0.023,0.0,FAIBLE,🟢,Joueur en bonne condition physique
Andres Castrin,2026-04-26,31.9,1.56,0.738,0.54,0.0,FAIBLE,🟢,Joueur en bonne condition physique
Javi López,2026-04-26,28.9,0.77,0.784,0.0,0.0,FAIBLE,🟢,Joueur en bonne condition physique
Thiago Fernández,2026-04-26,24.7,1.01,0.707,0.0,0.0,FAIBLE,🟢,Joueur en bonne condition physique
Anthony Lopes,2026-04-26,35.0,1.01,1.0,0.54,0.0,FAIBLE,🟢,Joueur en bonne condition physique
Wesley Fofana,2026-04-26,35.8,0.56,0.68,0.51,0.0,FAIBLE,🟢,Joueur en bonne condition physique
Florian Lejeune,2026-04-26,35.0,1.0,1.0,0.54,0.0,FAIBLE,🟢,Joueur en bonne condition physique
Jozhua Vertrouwd,2026-04-26,8.3,0.94,0.238,0.0,0.0,FAIBLE,🟢,Joueur en bonne condition physique
Unai López,2026-04-26,16.0,1.17,0.456,0.0,0.0,FAIBLE,🟢,Joueur en bonne condition physique
Jean Victor Makengo,2026-04-26,30.9,1.06,0.884,0.54,0.0,FAIBLE,🟢,Joueur en bonne condition physique
Liam Delap,2026-04-26,15.6,0.88,0.447,0.0,0.0,FAIBLE,🟢,Joueur en bonne condition physique
Diego Moreira,2026-04-26,28.0,0.72,0.687,0.0,0.0,FAIBLE,🟢,Joueur en bonne condition physique
Sebastian Nanasi,2026-04-26,35.7,1.19,0.591,0.049,0.0,FAIBLE,🟢,Joueur en bonne condition physique
Javi Rodríguez,2026-04-26,28.0,1.09,0.8,0.0,0.0,FAIBLE,🟢,Joueur en bonne condition physique
Aaron Hickey,2026-04-27,24.5,0.52,0.3,0.225,0.0,FAIBLE,🟢,Joueur en bonne condition physique
Caoimhin Kelleher,2026-04-27,35.0,0.98,1.0,0.54,0.0,FAIBLE,🟢,Joueur en bonne condition physique
Alan Matturro,2026-04-27,36.8,0.29,0.324,0.243,0.0,FAIBLE,🟢,Joueur en bonne condition physique
Oriol Rey,2026-04-27,36.5,0.3,0.329,0.247,0.0,FAIBLE,🟢,Joueur en bonne condition physique
Kervin Arriaga,2026-04-27,12.8,0.94,0.367,0.0,0.0,FAIBLE,🟢,Joueur en bonne condition physique
Roger Brugué,2026-04-27,21.6,0.7,0.473,0.0,0.0,FAIBLE,🟢,Joueur en bonne condition physique
Víctor García,2026-04-27,24.1,1.12,0.689,0.0,0.0,FAIBLE,🟢,Joueur en bonne condition physique
Nathan Collins,2026-04-27,35.0,1.05,1.0,0.54,0.0,FAIBLE,🟢,Joueur en bonne condition physique
Hákon Rafn Valdimarsson,2026-04-27,38.0,0.04,0.0,0.023,0.0,FAIBLE,🟢,Joueur en bonne condition physique
Igor Thiago,2026-04-27,24.3,1.07,0.693,0.0,0.0,FAIBLE,🟢,Joueur en bonne condition physique
Yehor Yarmoliuk,2026-04-27,34.6,1.16,0.989,0.54,0.0,FAIBLE,🟢,Joueur en bonne condition physique
Josh Dasilva,2026-04-27,40.0,0.0,0.0,0.023,0.0,FAIBLE,🟢,Joueur en bonne condition physique
Keane Lewis-Potter,2026-04-27,35.0,1.17,1.0,0.54,0.0,FAIBLE,🟢,Joueur en bonne condition physique
Romelle Donovan,2026-04-27,34.5,0.11,0.0,0.023,0.0,FAIBLE,🟢,Joueur en bonne condition physique
Sepp van den Berg,2026-04-27,35.0,1.1,1.0,0.54,0.0,FAIBLE,🟢,Joueur en bonne condition physique
Michael Kayode,2026-04-27,31.5,1.01,0.9,0.54,0.0,FAIBLE,🟢,Joueur en bonne condition physique
Kevin Schade,2026-04-27,19.7,1.11,0.562,0.0,0.0,FAIBLE,🟢,Joueur en bonne condition physique
Kristoffer Ajer,2026-04-27,40.3,0.25,0.367,0.275,0.0,FAIBLE,🟢,Joueur en bonne condition physique
Reiss Nelson,2026-04-27,5.7,0.95,0.164,0.0,0.0,FAIBLE,🟢,Joueur en bonne condition physique
Mathias Jensen,2026-04-27,21.4,1.14,0.611,0.0,0.0,FAIBLE,🟢,Joueur en bonne condition physique
Ethan Pinnock,2026-04-27,35.8,0.41,0.467,0.35,0.0,FAIBLE,🟢,Joueur en bonne condition physique
Ollie Shield,2026-04-27,40.0,0.0,0.0,0.023,0.0,FAIBLE,🟢,Joueur en bonne condition physique
Dango Ouattara,2026-04-27,28.6,1.07,0.818,0.54,0.0,FAIBLE,🟢,Joueur en bonne condition physique
Diego Pampín,2026-04-27,38.5,0.03,0.0,0.023,0.0,FAIBLE,🟢,Joueur en bonne condition physique
Lucas Perri,2026-04-26,19.4,1.43,0.467,0.0,0.0,FAIBLE,🟢,Joueur en bonne condition physique
Abdoul Ouattara,2026-04-26,24.1,0.82,0.689,0.0,0.0,FAIBLE,🟢,Joueur en bonne condition physique
Ilias Akhomach,2026-04-26,22.5,1.16,0.644,0.0,0.0,FAIBLE,🟢,Joueur en bonne condition physique
Joe Rodon,2026-04-26,22.1,0.72,0.518,0.0,0.0,FAIBLE,🟢,Joueur en bonne condition physique
Mohamed Ali Cho,2026-04-26,23.9,0.95,0.682,0.0,0.0,FAIBLE,🟢,Joueur en bonne condition physique
Brenden Aaronson,2026-04-26,32.3,1.22,0.924,0.54,0.0,FAIBLE,🟢,Joueur en bonne condition physique
Jaka Bijol,2026-04-26,31.8,0.82,0.909,0.54,0.0,FAIBLE,🟢,Joueur en bonne condition physique
Ethan Ampadu,2026-04-26,35.0,1.01,1.0,0.54,0.0,FAIBLE,🟢,Joueur en bonne condition physique
Carlos Domínguez,2026-04-26,33.0,0.28,0.2,0.15,0.0,FAIBLE,🟢,Joueur en bonne condition physique
Morgan Sanson,2026-04-26,28.1,0.83,0.804,0.54,0.0,FAIBLE,🟢,Joueur en bonne condition physique
Dean Benamar,2026-04-26,19.7,1.16,0.562,0.0,0.0,FAIBLE,🟢,Joueur en bonne condition physique
Hugo González,2026-04-26,30.7,0.72,0.764,0.0,0.0,FAIBLE,🟢,Joueur en bonne condition physique
Ilaix Moriba,2026-04-26,28.0,1.1,0.8,0.0,0.0,FAIBLE,🟢,Joueur en bonne condition physique
Iván Villar,2026-04-26,40.0,0.0,0.0,0.023,0.0,FAIBLE,🟢,Joueur en bonne condition physique
Hugo Álvarez,2026-04-26,23.3,1.21,0.667,0.0,0.0,FAIBLE,🟢,Joueur en bonne condition physique
Roméo Lavia,2026-04-26,18.8,1.28,0.538,0.0,0.0,FAIBLE,🟢,Joueur en bonne condition physique
Pedro Neto,2026-04-26,32.8,1.1,0.936,0.54,0.0,FAIBLE,🟢,Joueur en bonne condition physique
Jayden Bogle,2026-04-26,32.7,1.03,0.933,0.54,0.0,FAIBLE,🟢,Joueur en bonne condition physique
Alemão,2026-04-26,14.8,1.0,0.422,0.0,0.0,FAIBLE,🟢,Joueur en bonne condition physique
Borja Iglesias,2026-04-26,19.4,1.25,0.553,0.0,0.0,FAIBLE,🟢,Joueur en bonne condition physique
Karl Darlow,2026-04-26,27.0,0.68,0.6,0.45,0.0,FAIBLE,🟢,Joueur en bonne condition physique
Fran Pérez,2026-04-26,27.8,0.59,0.493,0.37,0.0,FAIBLE,🟢,Joueur en bonne condition physique
Óscar Mingueza,2026-04-26,25.4,1.07,0.727,0.0,0.0,FAIBLE,🟢,Joueur en bonne condition physique
Hicham Boudaoui,2026-04-26,33.0,1.19,0.942,0.54,0.0,FAIBLE,🟢,Joueur en bonne condition physique
Robert Sánchez,2026-04-26,35.0,1.05,1.0,0.54,0.0,FAIBLE,🟢,Joueur en bonne condition physique
Ugo Raghouber,2026-04-27,17.6,1.19,0.504,0.0,0.0,FAIBLE,🟢,Joueur en bonne condition physique
Mikkel Damsgaard,2026-04-27,33.1,1.11,0.947,0.54,0.0,FAIBLE,🟢,Joueur en bonne condition physique
Kaye Furo,2026-04-27,37.0,0.06,0.0,0.023,0.0,FAIBLE,🟢,Joueur en bonne condition physique
Iker Losada,2026-04-27,13.1,0.75,0.302,0.0,0.0,FAIBLE,🟢,Joueur en bonne condition physique
Joshua Zirkzee,2026-04-27,1.3,0.93,0.036,0.0,0.0,FAIBLE,🟢,Joueur en bonne condition physique
Carlos Espí,2026-04-27,31.8,1.12,0.909,0.54,0.0,FAIBLE,🟢,Joueur en bonne condition physique
Pablo Martínez,2026-04-27,23.2,1.05,0.664,0.0,0.0,FAIBLE,🟢,Joueur en bonne condition physique
Jeremy Toljan,2026-04-27,35.0,1.0,1.0,0.54,0.0,FAIBLE,🟢,Joueur en bonne condition physique
Adrián de la Fuente,2026-04-27,35.0,1.01,1.0,0.54,0.0,FAIBLE,🟢,Joueur en bonne condition physique
Manuel Sánchez,2026-04-27,35.0,1.04,1.0,0.54,0.0,FAIBLE,🟢,Joueur en bonne condition physique
Mathew Ryan,2026-04-27,35.0,1.0,1.0,0.54,0.0,FAIBLE,🟢,Joueur en bonne condition physique
Nacho Pérez,2026-04-27,39.5,0.01,0.0,0.023,0.0,FAIBLE,🟢,Joueur en bonne condition physique
A. J. Morales,2026-04-27,22.8,0.37,0.036,0.027,0.0,FAIBLE,🟢,Joueur en bonne condition physique
Pablo Cuñat,2026-04-27,40.0,0.0,0.0,0.023,0.0,FAIBLE,🟢,Joueur en bonne condition physique
Harry Maguire,2026-04-27,28.0,0.95,0.8,0.0,0.0,FAIBLE,🟢,Joueur en bonne condition physique
Urko González,2026-04-27,34.6,1.01,0.989,0.54,0.0,FAIBLE,🟢,Joueur en bonne condition physique
Bryan Mbeumo,2026-04-27,25.4,0.99,0.727,0.0,0.0,FAIBLE,🟢,Joueur en bonne condition physique
Diogo Dalot,2026-04-27,22.5,1.11,0.644,0.0,0.0,FAIBLE,🟢,Joueur en bonne condition physique
Casemiro,2026-04-27,32.3,1.04,0.922,0.54,0.0,FAIBLE,🟢,Joueur en bonne condition physique
Kobbie Mainoo,2026-04-27,28.1,1.05,0.804,0.54,0.0,FAIBLE,🟢,Joueur en bonne condition physique
Amad Diallo,2026-04-27,13.4,0.83,0.382,0.0,0.0,FAIBLE,🟢,Joueur en bonne condition physique
Benjamin Šeško,2026-04-27,23.0,1.31,0.649,0.0,0.0,FAIBLE,🟢,Joueur en bonne condition physique
Tyrell Malacia,2026-04-27,36.5,0.07,0.0,0.023,0.0,FAIBLE,🟢,Joueur en bonne condition physique
Ayden Heaven,2026-04-27,32.0,2.04,0.418,0.313,0.0,FAIBLE,🟢,Joueur en bonne condition physique
Manuel Ugarte,2026-04-27,28.8,0.64,0.593,0.445,0.0,FAIBLE,🟢,Joueur en bonne condition physique
Patrick Dorgu,2026-04-27,33.8,0.67,0.78,0.54,0.0,FAIBLE,🟢,Joueur en bonne condition physique
Bruno Fernandes,2026-04-27,33.9,1.01,0.969,0.54,0.0,FAIBLE,🟢,Joueur en bonne condition physique
Matias Moreno,2026-04-27,31.5,1.13,0.9,0.54,0.0,FAIBLE,🟢,Joueur en bonne condition physique
Leandro Cabrera,2026-04-27,35.0,1.0,1.0,0.54,0.0,FAIBLE,🟢,Joueur en bonne condition physique
Jofre Carreras,2026-04-27,35.4,0.13,0.053,0.04,0.0,FAIBLE,🟢,Joueur en bonne condition physique
Jon Ander Olasagasti,2026-04-27,32.0,1.11,0.913,0.54,0.0,FAIBLE,🟢,Joueur en bonne condition physique
Senne Lammens,2026-04-27,28.0,1.05,0.8,0.0,0.0,FAIBLE,🟢,Joueur en bonne condition physique
Noussair Mazraoui,2026-04-27,22.3,1.13,0.638,0.0,0.0,FAIBLE,🟢,Joueur en bonne condition physique
Marko Dmitrović,2026-04-27,35.0,1.0,1.0,0.54,0.0,FAIBLE,🟢,Joueur en bonne condition physique
Leny Yoro,2026-04-27,29.3,0.86,0.838,0.54,0.0,FAIBLE,🟢,Joueur en bonne condition physique
Mason Mount,2026-04-27,9.5,0.65,0.058,0.043,0.0,FAIBLE,🟢,Joueur en bonne condition physique
Jose Salinas,2026-04-27,37.0,0.06,0.0,0.023,0.0,FAIBLE,🟢,Joueur en bonne condition physique
Altay Bayındır,2026-04-27,40.0,0.0,0.0,0.023,0.0,FAIBLE,🟢,Joueur en bonne condition physique
Clemens Riedel,2026-04-27,35.0,0.49,0.558,0.418,0.0,FAIBLE,🟢,Joueur en bonne condition physique
Roberto Fernández,2026-04-27,19.2,0.97,0.549,0.0,0.0,FAIBLE,🟢,Joueur en bonne condition physique
Angel Fortuno,2026-04-27,40.0,0.0,0.0,0.023,0.0,FAIBLE,🟢,Joueur en bonne condition physique
Miguel Rubio,2026-04-27,13.0,0.57,0.044,0.033,0.0,FAIBLE,🟢,Joueur en bonne condition physique
Fernando Calero,2026-04-27,20.9,1.23,0.598,0.0,0.0,FAIBLE,🟢,Joueur en bonne condition physique
Edu Expósito,2026-04-27,33.0,1.13,0.944,0.54,0.0,FAIBLE,🟢,Joueur en bonne condition physique
Ramón Terrats,2026-04-27,13.6,1.05,0.389,0.0,0.0,FAIBLE,🟢,Joueur en bonne condition physique
Kike García,2026-04-27,28.6,1.12,0.818,0.54,0.0,FAIBLE,🟢,Joueur en bonne condition physique
Cyril Ngonge,2026-04-27,20.0,1.08,0.571,0.0,0.0,FAIBLE,🟢,Joueur en bonne condition physique
Pere Milla,2026-04-27,15.7,1.29,0.449,0.0,0.0,FAIBLE,🟢,Joueur en bonne condition physique
Lluc Castell,2026-04-27,40.0,0.0,0.0,0.023,0.0,FAIBLE,🟢,Joueur en bonne condition physique
Carlos Romero,2026-04-27,35.0,1.0,1.0,0.54,0.0,FAIBLE,🟢,Joueur en bonne condition physique
Tyrhys Dolan,2026-04-27,24.2,0.83,0.691,0.0,0.0,FAIBLE,🟢,Joueur en bonne condition physique
Pacha,2026-04-26,23.3,0.7,0.522,0.0,0.0,FAIBLE,🟢,Joueur en bonne condition physique
Djibril Coulibaly,2026-04-26,22.5,0.36,0.013,0.023,0.0,FAIBLE,🟢,Joueur en bonne condition physique
George King,2026-04-26,35.0,1.18,1.0,0.54,0.0,FAIBLE,🟢,Joueur en bonne condition physique
Jack Whittaker,2026-04-26,28.0,1.22,0.8,0.0,0.0,FAIBLE,🟢,Joueur en bonne condition physique
Marcos Alonso,2026-04-26,33.9,0.95,0.969,0.54,0.0,FAIBLE,🟢,Joueur en bonne condition physique
Jim Thwaites,2026-04-26,17.2,0.7,0.349,0.0,0.0,FAIBLE,🟢,Joueur en bonne condition physique
Fer López,2026-04-26,24.9,0.86,0.711,0.0,0.0,FAIBLE,🟢,Joueur en bonne condition physique
Hakon Arnar Haraldsson,2026-04-26,32.8,1.04,0.936,0.54,0.0,FAIBLE,🟢,Joueur en bonne condition physique
Berke Özer,2026-04-26,31.4,1.02,0.898,0.54,0.0,FAIBLE,🟢,Joueur en bonne condition physique
Ngal'ayel Mukau,2026-04-26,26.7,1.12,0.764,0.0,0.0,FAIBLE,🟢,Joueur en bonne condition physique
Rassoul Ndiaye,2026-04-26,31.4,0.83,0.898,0.54,0.0,FAIBLE,🟢,Joueur en bonne condition physique
Lucas Gourna-Douath,2026-04-26,29.7,0.82,0.849,0.54,0.0,FAIBLE,🟢,Joueur en bonne condition physique
Godson Kyeremeh,2026-04-26,6.3,1.45,0.08,0.0,0.0,FAIBLE,🟢,Joueur en bonne condition physique
Jenson Jones,2026-04-26,21.7,1.35,0.587,0.0,0.0,FAIBLE,🟢,Joueur en bonne condition physique
Jaydon Jones,2026-04-26,25.8,1.02,0.738,0.0,0.0,FAIBLE,🟢,Joueur en bonne condition physique
Mike Penders,2026-04-26,50.0,1.05,1.0,0.6,0.0,FAIBLE,🟢,Joueur en bonne condition physique
Noam Obougou Jacquet,2026-04-26,34.0,0.12,0.0,0.023,0.0,FAIBLE,🟢,Joueur en bonne condition physique
Lionel Mpasi Nzau,2026-04-26,30.3,0.38,0.267,0.2,0.0,FAIBLE,🟢,Joueur en bonne condition physique
Maxi Oyedele,2026-04-26,39.8,1.39,0.647,0.054,0.0,FAIBLE,🟢,Joueur en bonne condition physique
Ayumu Seko,2026-04-26,29.9,1.05,0.853,0.54,0.0,FAIBLE,🟢,Joueur en bonne condition physique
Ally Samatta,2026-04-26,23.6,1.38,0.62,0.0,0.0,FAIBLE,🟢,Joueur en bonne condition physique
Gautier Lloris,2026-04-26,32.9,1.08,0.94,0.54,0.0,FAIBLE,🟢,Joueur en bonne condition physique
Mory Diaw,2026-04-26,35.0,1.05,1.0,0.54,0.0,FAIBLE,🟢,Joueur en bonne condition physique
Issa Soumaré,2026-04-26,35.0,1.02,1.0,0.54,0.0,FAIBLE,🟢,Joueur en bonne condition physique
Fodé Doucouré,2026-04-26,24.6,1.36,0.662,0.0,0.0,FAIBLE,🟢,Joueur en bonne condition physique
Gessime Yassine,2026-04-26,33.9,1.16,0.54,0.045,0.0,FAIBLE,🟢,Joueur en bonne condition physique
Chido Obi-Martin,2026-04-26,20.6,1.22,0.589,0.0,0.0,FAIBLE,🟢,Joueur en bonne condition physique
Tyler Fletcher,2026-04-26,17.8,1.46,0.4,0.0,0.0,FAIBLE,🟢,Joueur en bonne condition physique
Yoel Lago,2026-04-26,29.3,1.89,0.44,0.33,0.0,FAIBLE,🟢,Joueur en bonne condition physique
Javier Rueda,2026-04-26,17.5,0.82,0.5,0.0,0.0,FAIBLE,🟢,Joueur en bonne condition physique
Chancel Mbemba,2026-04-26,20.4,0.72,0.469,0.0,0.0,FAIBLE,🟢,Joueur en bonne condition physique
Karl-Johan Johnsson,2026-04-26,55.0,0.0,0.0,0.025,0.0,FAIBLE,🟢,Joueur en bonne condition physique
Osame Sahraoui,2026-04-26,24.9,0.37,0.096,0.072,0.0,FAIBLE,🟢,Joueur en bonne condition physique
Matías Fernández,2026-04-26,33.6,1.04,0.96,0.54,0.0,FAIBLE,🟢,Joueur en bonne condition physique
Alexsandro Ribeiro,2026-04-26,34.0,0.12,0.0,0.023,0.0,FAIBLE,🟢,Joueur en bonne condition physique
Samuel Amo-Ameyaw,2026-04-26,33.9,1.45,0.44,0.037,0.0,FAIBLE,🟢,Joueur en bonne condition physique
Junior Mwanga,2026-04-26,13.7,1.2,0.391,0.0,0.0,FAIBLE,🟢,Joueur en bonne condition physique
Pablo Durán,2026-04-26,15.1,1.15,0.431,0.0,0.0,FAIBLE,🟢,Joueur en bonne condition physique
Antoine Mendy,2026-04-26,35.0,1.17,1.0,0.54,0.0,FAIBLE,🟢,Joueur en bonne condition physique
Wilfried Gnonto,2026-04-26,10.3,0.89,0.293,0.0,0.0,FAIBLE,🟢,Joueur en bonne condition physique
Kojo Peprah Oppong,2026-04-26,32.3,1.24,0.924,0.54,0.0,FAIBLE,🟢,Joueur en bonne condition physique
James Justin,2026-04-26,33.8,0.84,0.967,0.54,0.0,FAIBLE,🟢,Joueur en bonne condition physique
Noah Okafor,2026-04-26,27.1,1.16,0.773,0.0,0.0,FAIBLE,🟢,Joueur en bonne condition physique
Sergio Carreira,2026-04-26,31.5,1.07,0.9,0.54,0.0,FAIBLE,🟢,Joueur en bonne condition physique
Manu Fernández,2026-04-26,38.5,0.03,0.0,0.023,0.0,FAIBLE,🟢,Joueur en bonne condition physique
Lucas Høgsberg,2026-04-26,31.1,1.35,0.427,0.036,0.0,FAIBLE,🟢,Joueur en bonne condition physique
Ionuț Radu,2026-04-26,35.0,1.0,1.0,0.54,0.0,FAIBLE,🟢,Joueur en bonne condition physique
Jack Fletcher,2026-04-26,24.6,1.18,0.702,0.0,0.0,FAIBLE,🟢,Joueur en bonne condition physique
Hugo Sotelo,2026-04-26,11.3,1.19,0.324,0.0,0.0,FAIBLE,🟢,Joueur en bonne condition physique
Jack Moorhouse,2026-04-26,19.5,1.17,0.556,0.0,0.0,FAIBLE,🟢,Joueur en bonne condition physique
Andrew Omobamidele,2026-04-26,42.3,0.76,0.724,0.06,0.0,FAIBLE,🟢,Joueur en bonne condition physique
Samir El Mourabet,2026-04-26,43.8,1.04,0.822,0.6,0.0,FAIBLE,🟢,Joueur en bonne condition physique
Patrik Carlgren,2026-04-26,40.0,0.0,0.0,0.023,0.0,FAIBLE,🟢,Joueur en bonne condition physique
Mihailo Ristic,2026-04-26,30.0,0.2,0.0,0.023,0.0,FAIBLE,🟢,Joueur en bonne condition physique
Andrei Rațiu,2026-04-26,35.0,1.02,1.0,0.54,0.0,FAIBLE,🟢,Joueur en bonne condition physique
Gabriel Gudmundsson,2026-04-26,34.9,1.04,0.998,0.54,0.0,FAIBLE,🟢,Joueur en bonne condition physique
Ivan Balliu,2026-04-26,38.0,0.04,0.0,0.023,0.0,FAIBLE,🟢,Joueur en bonne condition physique
Abdul Mumin,2026-04-26,32.7,0.16,0.02,0.023,0.0,FAIBLE,🟢,Joueur en bonne condition physique
Malo Gusto,2026-04-26,33.7,1.18,0.962,0.54,0.0,FAIBLE,🟢,Joueur en bonne condition physique
Jonathan Clauss,2026-04-26,34.4,1.02,0.984,0.54,0.0,FAIBLE,🟢,Joueur en bonne condition physique
Yehvann Diouf,2026-04-26,28.0,1.06,0.8,0.0,0.0,FAIBLE,🟢,Joueur en bonne condition physique
Jorge de Frutos,2026-04-26,25.8,0.85,0.736,0.0,0.0,FAIBLE,🟢,Joueur en bonne condition physique
Josh Acheampong,2026-04-26,30.7,0.23,0.064,0.048,0.0,FAIBLE,🟢,Joueur en bonne condition physique
Pascal Struijk,2026-04-26,35.0,1.02,1.0,0.54,0.0,FAIBLE,🟢,Joueur en bonne condition physique
Jorrel Hato,2026-04-26,29.5,0.77,0.8,0.0,0.0,FAIBLE,🟢,Joueur en bonne condition physique
Dominic Calvert-Lewin,2026-04-26,31.9,1.07,0.911,0.54,0.0,FAIBLE,🟢,Joueur en bonne condition physique
Simon Ebonog,2026-04-26,26.0,0.95,0.742,0.0,0.0,FAIBLE,🟢,Joueur en bonne condition physique
Joël Piroe,2026-04-26,26.0,0.32,0.056,0.042,0.0,FAIBLE,🟢,Joueur en bonne condition physique
Anton Stach,2026-04-26,14.2,0.8,0.407,0.0,0.0,FAIBLE,🟢,Joueur en bonne condition physique
Daniel James,2026-04-26,25.7,0.51,0.32,0.24,0.0,FAIBLE,🟢,Joueur en bonne condition physique
Tom Louchet,2026-04-26,23.8,0.58,0.367,0.275,0.0,FAIBLE,🟢,Joueur en bonne condition physique
Melvin Bard,2026-04-26,34.3,0.99,0.98,0.54,0.0,FAIBLE,🟢,Joueur en bonne condition physique
Elye Wahi,2026-04-26,33.8,1.16,0.967,0.54,0.0,FAIBLE,🟢,Joueur en bonne condition physique
Rio Cardines,2026-04-26,19.4,1.43,0.467,0.0,0.0,FAIBLE,🟢,Joueur en bonne condition physique
Abdulay Juma Bah,2026-04-26,24.5,1.21,0.7,0.0,0.0,FAIBLE,🟢,Joueur en bonne condition physique
Kaden Rodney,2026-04-26,19.6,0.73,0.46,0.0,0.0,FAIBLE,🟢,Joueur en bonne condition physique
Sofiane Diop,2026-04-26,15.1,0.82,0.431,0.0,0.0,FAIBLE,🟢,Joueur en bonne condition physique
Salis Abdul Samed,2026-04-26,26.7,1.57,0.58,0.435,0.0,FAIBLE,🟢,Joueur en bonne condition physique
Isi Palazón,2026-04-26,24.7,1.06,0.707,0.0,0.0,FAIBLE,🟢,Joueur en bonne condition physique
Isaac Romero,2026-04-26,27.4,1.5,0.649,0.487,0.0,FAIBLE,🟢,Joueur en bonne condition physique
Ao Tanaka,2026-04-26,30.7,1.24,0.878,0.54,0.0,FAIBLE,🟢,Joueur en bonne condition physique
Yassine Kechta,2026-04-26,20.8,1.69,0.331,0.248,0.0,FAIBLE,🟢,Joueur en bonne condition physique
Étienne Youte Kinkoue,2026-04-26,35.3,0.11,0.022,0.023,0.0,FAIBLE,🟢,Joueur en bonne condition physique
Felix Mambimbi,2026-04-26,4.3,0.78,0.093,0.0,0.0,FAIBLE,🟢,Joueur en bonne condition physique
Emmanuel Emegha,2026-04-26,11.8,0.85,0.336,0.0,0.0,FAIBLE,🟢,Joueur en bonne condition physique
Thomas Meunier,2026-04-26,29.5,1.17,0.842,0.54,0.0,FAIBLE,🟢,Joueur en bonne condition physique
Aissa Mandi,2026-04-26,35.0,1.12,1.0,0.54,0.0,FAIBLE,🟢,Joueur en bonne condition physique
Ayyoub Bouaddi,2026-04-26,20.1,1.15,0.573,0.0,0.0,FAIBLE,🟢,Joueur en bonne condition physique
Arnaud Bodart,2026-04-26,25.6,0.36,0.102,0.077,0.0,FAIBLE,🟢,Joueur en bonne condition physique
Romain Perraud,2026-04-26,28.3,1.16,0.809,0.54,0.0,FAIBLE,🟢,Joueur en bonne condition physique
Nathan Ngoy,2026-04-26,28.8,1.13,0.822,0.54,0.0,FAIBLE,🟢,Joueur en bonne condition physique
Tiago Santos,2026-04-26,35.3,0.12,0.038,0.028,0.0,FAIBLE,🟢,Joueur en bonne condition physique
Ismael Doukouré,2026-04-26,33.0,0.94,0.944,0.54,0.0,FAIBLE,🟢,Joueur en bonne condition physique
Calvin Verdonk,2026-04-26,33.7,0.27,0.207,0.155,0.0,FAIBLE,🟢,Joueur en bonne condition physique
Aïssa Mandi,2026-04-26,35.0,1.12,1.0,0.54,0.0,FAIBLE,🟢,Joueur en bonne condition physique
Benjamin André,2026-04-26,24.7,1.06,0.707,0.0,0.0,FAIBLE,🟢,Joueur en bonne condition physique
Julio Enciso,2026-04-26,43.6,0.98,0.818,0.6,0.0,FAIBLE,🟢,Joueur en bonne condition physique
Félix Correia,2026-04-26,28.1,1.1,0.802,0.54,0.0,FAIBLE,🟢,Joueur en bonne condition physique
Yanis Zouaoui,2026-04-26,28.4,1.07,0.811,0.54,0.0,FAIBLE,🟢,Joueur en bonne condition physique
Daren Nbenbege Mosengo,2026-04-26,26.6,0.27,0.004,0.023,0.0,FAIBLE,🟢,Joueur en bonne condition physique
Loic Négo,2026-04-26,23.6,0.92,0.673,0.0,0.0,FAIBLE,🟢,Joueur en bonne condition physique
Harrison Jones,2026-04-26,13.2,1.34,0.349,0.0,0.0,FAIBLE,🟢,Joueur en bonne condition physique
Ciro Immobile,2026-04-26,27.9,1.09,0.798,0.0,0.0,FAIBLE,🟢,Joueur en bonne condition physique
Nathan Mbala,2026-04-26,19.6,1.49,0.433,0.0,0.0,FAIBLE,🟢,Joueur en bonne condition physique
James McConnell,2026-04-26,6.3,1.33,0.16,0.0,0.0,FAIBLE,🟢,Joueur en bonne condition physique
Joe Willock,2026-04-25,11.3,1.2,0.324,0.0,0.0,FAIBLE,🟢,Joueur en bonne condition physique
William Osula,2026-04-25,22.2,1.45,0.533,0.0,0.0,FAIBLE,🟢,Joueur en bonne condition physique
Malick Thiaw,2026-04-25,21.0,1.17,0.6,0.0,0.0,FAIBLE,🟢,Joueur en bonne condition physique
Naouirou Ahamada,2026-04-25,4.3,0.82,0.124,0.0,0.0,FAIBLE,🟢,Joueur en bonne condition physique
Cristian Cásseres Jr.,2026-04-25,34.2,1.02,0.976,0.54,0.0,FAIBLE,🟢,Joueur en bonne condition physique
Samú Costa,2026-04-25,28.6,1.08,0.816,0.54,0.0,FAIBLE,🟢,Joueur en bonne condition physique
Dan Burn,2026-04-25,16.2,1.05,0.462,0.0,0.0,FAIBLE,🟢,Joueur en bonne condition physique
Kieran Trippier,2026-04-25,28.0,0.48,0.344,0.258,0.0,FAIBLE,🟢,Joueur en bonne condition physique
Javier Olaizola,2026-04-25,36.0,0.08,0.0,0.023,0.0,FAIBLE,🟢,Joueur en bonne condition physique
Sergi Darder,2026-04-25,29.3,1.15,0.836,0.54,0.0,FAIBLE,🟢,Joueur en bonne condition physique
Fredrik Oppegård,2026-04-25,21.5,1.05,0.613,0.0,0.0,FAIBLE,🟢,Joueur en bonne condition physique
Adam Wharton,2026-04-25,21.8,1.01,0.622,0.0,0.0,FAIBLE,🟢,Joueur en bonne condition physique
Justin-Noel Kalumba,2026-04-25,27.5,0.27,0.029,0.023,0.0,FAIBLE,🟢,Joueur en bonne condition physique
Lewis Miley,2026-04-25,24.4,1.17,0.698,0.0,0.0,FAIBLE,🟢,Joueur en bonne condition physique
Jon Guridi,2026-04-25,17.4,0.93,0.496,0.0,0.0,FAIBLE,🟢,Joueur en bonne condition physique
Ismaïla Sarr,2026-04-25,25.4,0.95,0.727,0.0,0.0,FAIBLE,🟢,Joueur en bonne condition physique
Javi Llabrés,2026-04-25,1.9,0.78,0.027,0.0,0.0,FAIBLE,🟢,Joueur en bonne condition physique
Sinaly Diomandé,2026-04-25,35.0,1.0,1.0,0.54,0.0,FAIBLE,🟢,Joueur en bonne condition physique
Jaydee Canvot,2026-04-25,35.0,1.02,1.0,0.54,0.0,FAIBLE,🟢,Joueur en bonne condition physique
Gianluigi Donnarumma,2026-04-25,26.5,0.69,0.6,0.45,0.0,FAIBLE,🟢,Joueur en bonne condition physique
Marc Guéhi,2026-04-25,34.5,0.67,0.8,0.54,0.0,FAIBLE,🟢,Joueur en bonne condition physique
Manu Morlanes,2026-04-25,21.1,0.94,0.604,0.0,0.0,FAIBLE,🟢,Joueur en bonne condition physique
Sven Botman,2026-04-25,27.2,1.26,0.778,0.0,0.0,FAIBLE,🟢,Joueur en bonne condition physique
Reggie Walsh,2026-04-25,10.8,1.17,0.309,0.0,0.0,FAIBLE,🟢,Joueur en bonne condition physique
Jacob Murphy,2026-04-25,18.2,1.21,0.52,0.0,0.0,FAIBLE,🟢,Joueur en bonne condition physique
Antonio Sivera,2026-04-25,35.0,1.0,1.0,0.54,0.0,FAIBLE,🟢,Joueur en bonne condition physique
Lucas Hernandez,2026-04-25,32.0,0.95,0.487,0.041,0.0,FAIBLE,🟢,Joueur en bonne condition physique
Haris Belkebla,2026-04-25,33.5,1.03,0.956,0.54,0.0,FAIBLE,🟢,Joueur en bonne condition physique
Branco Van den Boomen,2026-04-25,34.0,1.07,0.971,0.54,0.0,FAIBLE,🟢,Joueur en bonne condition physique
Johnny Cardoso,2026-04-25,32.0,0.95,0.487,0.041,0.0,FAIBLE,🟢,Joueur en bonne condition physique
Matteo Ruggeri,2026-04-25,25.8,1.12,0.738,0.0,0.0,FAIBLE,🟢,Joueur en bonne condition physique
Lamini Fati,2026-04-25,29.2,0.64,0.607,0.455,0.0,FAIBLE,🟢,Joueur en bonne condition physique
Alexander Sorloth,2026-04-25,21.9,1.23,0.627,0.0,0.0,FAIBLE,🟢,Joueur en bonne condition physique
Philipp Köhn,2026-04-25,37.0,0.06,0.0,0.023,0.0,FAIBLE,🟢,Joueur en bonne condition physique
César Palacios,2026-04-25,28.8,1.35,0.789,0.0,0.0,FAIBLE,🟢,Joueur en bonne condition physique
Juan Musso,2026-04-25,53.8,0.49,0.667,0.556,0.0,FAIBLE,🟢,Joueur en bonne condition physique
Harry Wilson,2026-04-25,35.0,1.03,1.0,0.54,0.0,FAIBLE,🟢,Joueur en bonne condition physique
Benjamin Lecomte,2026-04-25,32.0,0.16,0.0,0.023,0.0,FAIBLE,🟢,Joueur en bonne condition physique
Takuma Asano,2026-04-25,12.0,0.76,0.287,0.0,0.0,FAIBLE,🟢,Joueur en bonne condition physique
Jan Oblak,2026-04-25,36.0,1.18,0.6,0.05,0.0,FAIBLE,🟢,Joueur en bonne condition physique
Melvin Zinga,2026-04-25,39.5,0.01,0.0,0.023,0.0,FAIBLE,🟢,Joueur en bonne condition physique
Antoine Griezmann,2026-04-25,33.4,1.0,0.527,0.044,0.0,FAIBLE,🟢,Joueur en bonne condition physique
Denis Zakaria,2026-04-25,31.5,1.07,0.9,0.54,0.0,FAIBLE,🟢,Joueur en bonne condition physique
Koke,2026-04-25,30.0,1.15,0.858,0.54,0.0,FAIBLE,🟢,Joueur en bonne condition physique
Jorge Cestero,2026-04-25,37.1,1.0,0.631,0.053,0.0,FAIBLE,🟢,Joueur en bonne condition physique
Federico Chiesa,2026-04-25,35.5,0.09,0.0,0.023,0.0,FAIBLE,🟢,Joueur en bonne condition physique
Martín Satriano,2026-04-25,35.0,1.01,1.0,0.54,0.0,FAIBLE,🟢,Joueur en bonne condition physique
Douglas Luiz,2026-04-25,19.0,0.49,0.1,0.075,0.0,FAIBLE,🟢,Joueur en bonne condition physique
Pepelu,2026-04-25,23.3,1.64,0.436,0.327,0.0,FAIBLE,🟢,Joueur en bonne condition physique
Daichi Kamada,2026-04-25,24.4,1.07,0.698,0.0,0.0,FAIBLE,🟢,Joueur en bonne condition physique
Maxence Lacroix,2026-04-25,31.2,1.04,0.891,0.54,0.0,FAIBLE,🟢,Joueur en bonne condition physique
Omar Mascarell,2026-04-25,33.9,1.02,0.969,0.54,0.0,FAIBLE,🟢,Joueur en bonne condition physique
Borna Sosa,2026-04-25,24.7,2.2,0.102,0.077,0.0,FAIBLE,🟢,Joueur en bonne condition physique
Hans Hateboer,2026-04-25,28.5,0.41,0.256,0.192,0.0,FAIBLE,🟢,Joueur en bonne condition physique
Levi Colwill,2026-04-25,30.2,1.13,0.862,0.54,0.0,FAIBLE,🟢,Joueur en bonne condition physique
Sékou Mara,2026-04-25,10.0,0.66,0.087,0.065,0.0,FAIBLE,🟢,Joueur en bonne condition physique
Harvey Barnes,2026-04-25,12.0,0.82,0.342,0.0,0.0,FAIBLE,🟢,Joueur en bonne condition physique
Tanner Tessmann,2026-04-25,15.0,0.95,0.429,0.0,0.0,FAIBLE,🟢,Joueur en bonne condition physique
Bruno Guimarães,2026-04-25,21.9,0.98,0.627,0.0,0.0,FAIBLE,🟢,Joueur en bonne condition physique
Ife Ibrahim,2026-04-25,35.0,1.13,1.0,0.54,0.0,FAIBLE,🟢,Joueur en bonne condition physique
Khalis Merah,2026-04-25,21.6,1.69,0.356,0.267,0.0,FAIBLE,🟢,Joueur en bonne condition physique
Yoane Wissa,2026-04-25,9.8,1.01,0.28,0.0,0.0,FAIBLE,🟢,Joueur en bonne condition physique
Erling Haaland,2026-04-25,30.5,0.76,0.813,0.54,0.0,FAIBLE,🟢,Joueur en bonne condition physique
Abdukodir Khusanov,2026-04-25,35.5,0.65,0.8,0.54,0.0,FAIBLE,🟢,Joueur en bonne condition physique
David López,2026-04-25,19.2,1.41,0.476,0.0,0.0,FAIBLE,🟢,Joueur en bonne condition physique
Seny Koumbassa,2026-04-25,26.9,0.85,0.769,0.0,0.0,FAIBLE,🟢,Joueur en bonne condition physique
Alexis Vossah,2026-04-25,22.3,1.55,0.469,0.352,0.0,FAIBLE,🟢,Joueur en bonne condition physique
Jandro García,2026-04-25,40.0,0.0,0.0,0.023,0.0,FAIBLE,🟢,Joueur en bonne condition physique
Jonny Otto,2026-04-25,35.0,1.02,1.0,0.54,0.0,FAIBLE,🟢,Joueur en bonne condition physique
James Trafford,2026-04-25,15.2,1.35,0.4,0.0,0.0,FAIBLE,🟢,Joueur en bonne condition physique
Daniel Muñoz,2026-04-25,35.0,1.06,1.0,0.54,0.0,FAIBLE,🟢,Joueur en bonne condition physique
Mariano Diaz,2026-04-25,36.5,0.07,0.0,0.023,0.0,FAIBLE,🟢,Joueur en bonne condition physique
Nico González,2026-04-25,23.7,1.8,0.34,0.255,0.0,FAIBLE,🟢,Joueur en bonne condition physique
Rico Lewis,2026-04-25,14.0,0.99,0.4,0.0,0.0,FAIBLE,🟢,Joueur en bonne condition physique
Pablo Torre,2026-04-25,28.1,1.21,0.804,0.54,0.0,FAIBLE,🟢,Joueur en bonne condition physique
Mark McKenzie,2026-04-25,24.8,1.02,0.709,0.0,0.0,FAIBLE,🟢,Joueur en bonne condition physique
Nicolás Tagliafico,2026-04-25,30.3,0.7,0.724,0.54,0.0,FAIBLE,🟢,Joueur en bonne condition physique
Jacob Ramsey,2026-04-25,27.1,1.06,0.773,0.0,0.0,FAIBLE,🟢,Joueur en bonne condition physique
Sean Neave,2026-04-25,14.0,1.04,0.4,0.0,0.0,FAIBLE,🟢,Joueur en bonne condition physique
Ryan Kavuma-McQueen,2026-04-25,11.4,1.13,0.327,0.0,0.0,FAIBLE,🟢,Joueur en bonne condition physique
Alex Murphy,2026-04-25,23.1,0.63,0.418,0.313,0.0,FAIBLE,🟢,Joueur en bonne condition physique
Hugo Burcio,2026-04-25,33.6,1.24,0.96,0.54,0.0,FAIBLE,🟢,Joueur en bonne condition physique
Angel Arcos,2026-04-25,24.1,0.79,0.673,0.0,0.0,FAIBLE,🟢,Joueur en bonne condition physique
Tyler Morton,2026-04-25,31.3,0.9,0.893,0.54,0.0,FAIBLE,🟢,Joueur en bonne condition physique
Max Merrick,2026-04-25,28.0,1.23,0.8,0.0,0.0,FAIBLE,🟢,Joueur en bonne condition physique
Santiago Hidalgo,2026-04-25,21.7,1.15,0.62,0.0,0.0,FAIBLE,🟢,Joueur en bonne condition physique
Brandon Austin,2026-04-25,40.0,0.0,0.0,0.023,0.0,FAIBLE,🟢,Joueur en bonne condition physique
Lewis Hall,2026-04-25,28.1,0.53,0.416,0.312,0.0,FAIBLE,🟢,Joueur en bonne condition physique
Orel Mangala,2026-04-25,18.9,1.15,0.54,0.0,0.0,FAIBLE,🟢,Joueur en bonne condition physique
Gideon Mensah,2026-04-25,28.0,1.23,0.8,0.0,0.0,FAIBLE,🟢,Joueur en bonne condition physique
Xavi Simons,2026-04-25,20.9,1.15,0.596,0.0,0.0,FAIBLE,🟢,Joueur en bonne condition physique
Djibril Sidibe,2026-04-25,31.9,0.51,0.498,0.373,0.0,FAIBLE,🟢,Joueur en bonne condition physique
Dominik Greif,2026-04-25,35.0,1.1,1.0,0.54,0.0,FAIBLE,🟢,Joueur en bonne condition physique
Alejandro Rego,2026-04-25,21.0,1.16,0.6,0.0,0.0,FAIBLE,🟢,Joueur en bonne condition physique
Pape Diop,2026-04-25,27.1,1.0,0.773,0.0,0.0,FAIBLE,🟢,Joueur en bonne condition physique
James Maddison,2026-04-25,35.9,0.22,0.198,0.148,0.0,FAIBLE,🟢,Joueur en bonne condition physique
Pavel Šulc,2026-04-25,30.5,0.81,0.871,0.54,0.0,FAIBLE,🟢,Joueur en bonne condition physique
Djibril Sidibé,2026-04-25,31.9,0.51,0.498,0.373,0.0,FAIBLE,🟢,Joueur en bonne condition physique
Randal Kolo Muani,2026-04-25,17.0,1.09,0.487,0.0,0.0,FAIBLE,🟢,Joueur en bonne condition physique
Afonso Moreira,2026-04-25,34.6,1.09,0.989,0.54,0.0,FAIBLE,🟢,Joueur en bonne condition physique
Jeremie Frimpong,2026-04-25,19.7,0.83,0.562,0.0,0.0,FAIBLE,🟢,Joueur en bonne condition physique
Josué Casimir,2026-04-25,28.0,0.64,0.571,0.428,0.0,FAIBLE,🟢,Joueur en bonne condition physique
Wout Faes,2026-04-25,35.0,1.03,1.0,0.54,0.0,FAIBLE,🟢,Joueur en bonne condition physique
Jordan Pickford,2026-04-25,28.0,1.06,0.8,0.0,0.0,FAIBLE,🟢,Joueur en bonne condition physique
Thilo Kehrer,2026-04-25,33.4,1.0,0.953,0.54,0.0,FAIBLE,🟢,Joueur en bonne condition physique
Daniel Budesca,2026-04-25,35.0,1.07,1.0,0.54,0.0,FAIBLE,🟢,Joueur en bonne condition physique
Tyrique George,2026-04-25,13.4,0.94,0.384,0.0,0.0,FAIBLE,🟢,Joueur en bonne condition physique
Martin Pedroarena,2026-04-25,12.9,0.89,0.369,0.0,0.0,FAIBLE,🟢,Joueur en bonne condition physique
Issa Diop,2026-04-25,39.0,0.3,0.4,0.3,0.0,FAIBLE,🟢,Joueur en bonne condition physique
James Garner,2026-04-25,27.9,1.05,0.796,0.0,0.0,FAIBLE,🟢,Joueur en bonne condition physique
Lasso Coulibaly,2026-04-25,14.7,0.6,0.133,0.1,0.0,FAIBLE,🟢,Joueur en bonne condition physique
Merlin Röhl,2026-04-25,35.1,0.12,0.031,0.023,0.0,FAIBLE,🟢,Joueur en bonne condition physique
Alassane Diatta,2026-04-25,14.0,1.07,0.4,0.0,0.0,FAIBLE,🟢,Joueur en bonne condition physique
Dwight McNeil,2026-04-25,29.8,1.02,0.851,0.54,0.0,FAIBLE,🟢,Joueur en bonne condition physique
Jean Ives Valou,2026-04-25,35.0,1.16,1.0,0.54,0.0,FAIBLE,🟢,Joueur en bonne condition physique
Lilian Raolisoa,2026-04-25,28.3,1.04,0.809,0.54,0.0,FAIBLE,🟢,Joueur en bonne condition physique
Tim Iroegbunam,2026-04-25,13.9,0.72,0.284,0.0,0.0,FAIBLE,🟢,Joueur en bonne condition physique
Kiernan Dewsbury-Hall,2026-04-25,34.9,1.03,0.998,0.54,0.0,FAIBLE,🟢,Joueur en bonne condition physique
Jake O'Brien,2026-04-25,29.8,0.92,0.851,0.54,0.0,FAIBLE,🟢,Joueur en bonne condition physique
Ousmane Camara,2026-04-25,39.0,0.51,0.7,0.525,0.0,FAIBLE,🟢,Joueur en bonne condition physique
Michael Keane,2026-04-25,22.3,1.09,0.636,0.0,0.0,FAIBLE,🟢,Joueur en bonne condition physique
Florian Wirtz,2026-04-25,31.9,1.08,0.911,0.54,0.0,FAIBLE,🟢,Joueur en bonne condition physique
Vitaliy Mykolenko,2026-04-25,35.0,1.04,1.0,0.54,0.0,FAIBLE,🟢,Joueur en bonne condition physique
Danny Namaso,2026-04-25,25.2,0.96,0.72,0.0,0.0,FAIBLE,🟢,Joueur en bonne condition physique
Mark Travers,2026-04-25,12.2,0.6,0.064,0.048,0.0,FAIBLE,🟢,Joueur en bonne condition physique
Nathan Patterson,2026-04-25,30.5,0.36,0.242,0.182,0.0,FAIBLE,🟢,Joueur en bonne condition physique
Séamus Coleman,2026-04-25,19.7,0.65,0.349,0.262,0.0,FAIBLE,🟢,Joueur en bonne condition physique
Idrissa Gana Gueye,2026-04-25,33.5,0.99,0.956,0.54,0.0,FAIBLE,🟢,Joueur en bonne condition physique
Carlos Alcaraz,2026-04-25,20.5,0.43,0.056,0.042,0.0,FAIBLE,🟢,Joueur en bonne condition physique
Mohamed Salah,2026-04-25,23.1,1.03,0.66,0.0,0.0,FAIBLE,🟢,Joueur en bonne condition physique
Hugo Bueno,2026-04-25,34.8,1.09,0.993,0.54,0.0,FAIBLE,🟢,Joueur en bonne condition physique
Francisco Sierralta,2026-04-25,38.5,0.03,0.0,0.023,0.0,FAIBLE,🟢,Joueur en bonne condition physique
Tom Edozie,2026-04-25,29.3,0.44,0.324,0.243,0.0,FAIBLE,🟢,Joueur en bonne condition physique
Toti Gomes,2026-04-25,19.8,1.27,0.567,0.0,0.0,FAIBLE,🟢,Joueur en bonne condition physique
Nordin Al Lal,2026-04-25,12.0,1.05,0.342,0.0,0.0,FAIBLE,🟢,Joueur en bonne condition physique
Timothy Castagne,2026-04-25,27.4,1.28,0.784,0.0,0.0,FAIBLE,🟢,Joueur en bonne condition physique
Matt Doherty,2026-04-25,23.9,1.84,0.32,0.24,0.0,FAIBLE,🟢,Joueur en bonne condition physique
Carlos Maciá,2026-04-25,21.7,1.11,0.62,0.0,0.0,FAIBLE,🟢,Joueur en bonne condition physique
Santiago Bueno,2026-04-25,28.0,1.05,0.8,0.0,0.0,FAIBLE,🟢,Joueur en bonne condition physique
Jean-Ricner Bellegarde,2026-04-25,28.8,0.65,0.609,0.457,0.0,FAIBLE,🟢,Joueur en bonne condition physique
Alexander Isak,2026-04-25,19.7,1.38,0.509,0.0,0.0,FAIBLE,🟢,Joueur en bonne condition physique
Rodrigo Gomes,2026-04-25,17.2,1.54,0.329,0.247,0.0,FAIBLE,🟢,Joueur en bonne condition physique
Paul Pogba,2026-04-25,2.1,0.92,0.06,0.0,0.0,FAIBLE,🟢,Joueur en bonne condition physique
Andy Robertson,2026-04-25,21.9,1.32,0.611,0.0,0.0,FAIBLE,🟢,Joueur en bonne condition physique
Jose Sa,2026-04-25,27.6,1.05,0.789,0.0,0.0,FAIBLE,🟢,Joueur en bonne condition physique
Lanroy Machine,2026-04-25,17.6,0.96,0.502,0.0,0.0,FAIBLE,🟢,Joueur en bonne condition physique
Marvin Senaya,2026-04-25,16.9,1.29,0.482,0.0,0.0,FAIBLE,🟢,Joueur en bonne condition physique
Saheed Olagunju,2026-04-25,40.0,0.42,0.6,0.45,0.0,FAIBLE,🟢,Joueur en bonne condition physique
Cody Gakpo,2026-04-25,25.0,1.22,0.713,0.0,0.0,FAIBLE,🟢,Joueur en bonne condition physique
André,2026-04-25,35.0,1.02,1.0,0.54,0.0,FAIBLE,🟢,Joueur en bonne condition physique
Mateus Mané,2026-04-25,16.8,1.07,0.48,0.0,0.0,FAIBLE,🟢,Joueur en bonne condition physique
Thierno Barry,2026-04-25,11.9,1.25,0.34,0.0,0.0,FAIBLE,🟢,Joueur en bonne condition physique
Roberto Arroyo,2026-04-25,17.1,0.79,0.473,0.0,0.0,FAIBLE,🟢,Joueur en bonne condition physique
Pol Fortuny,2026-04-25,33.8,1.05,0.967,0.54,0.0,FAIBLE,🟢,Joueur en bonne condition physique
Nicolás González,2026-04-25,31.2,1.06,0.464,0.039,0.0,FAIBLE,🟢,Joueur en bonne condition physique
Rodrigo Mendoza,2026-04-25,26.4,0.78,0.296,0.025,0.0,FAIBLE,🟢,Joueur en bonne condition physique
Manuel Ángel Morán,2026-04-25,21.2,1.23,0.607,0.0,0.0,FAIBLE,🟢,Joueur en bonne condition physique
Sasa Lukic,2026-04-25,24.9,1.48,0.591,0.0,0.0,FAIBLE,🟢,Joueur en bonne condition physique
Calvin Bassey,2026-04-25,35.0,1.15,1.0,0.54,0.0,FAIBLE,🟢,Joueur en bonne condition physique
Nahuel Molina,2026-04-25,35.7,0.76,0.533,0.044,0.0,FAIBLE,🟢,Joueur en bonne condition physique
Rubén Iranzo,2026-04-25,36.5,0.07,0.0,0.023,0.0,FAIBLE,🟢,Joueur en bonne condition physique
Giuliano Simeone,2026-04-25,33.3,1.08,0.524,0.044,0.0,FAIBLE,🟢,Joueur en bonne condition physique
Rodrigo Muniz,2026-04-25,21.8,0.93,0.624,0.0,0.0,FAIBLE,🟢,Joueur en bonne condition physique
Khvicha Kvaratskhelia,2026-04-25,47.0,0.59,0.613,0.511,0.0,FAIBLE,🟢,Joueur en bonne condition physique
Sander Berge,2026-04-25,28.0,0.98,0.8,0.0,0.0,FAIBLE,🟢,Joueur en bonne condition physique
Bernd Leno,2026-04-25,35.0,1.09,1.0,0.54,0.0,FAIBLE,🟢,Joueur en bonne condition physique
Iliman Ndiaye,2026-04-25,34.9,1.02,0.998,0.54,0.0,FAIBLE,🟢,Joueur en bonne condition physique
Alexis Mac Allister,2026-04-25,23.0,1.04,0.656,0.0,0.0,FAIBLE,🟢,Joueur en bonne condition physique
Samuel Chukwueze,2026-04-25,14.8,1.1,0.422,0.0,0.0,FAIBLE,🟢,Joueur en bonne condition physique
Sergio Mestre,2026-04-25,28.0,1.15,0.8,0.0,0.0,FAIBLE,🟢,Joueur en bonne condition physique
Pablo Barrios,2026-04-25,12.2,0.94,0.349,0.0,0.0,FAIBLE,🟢,Joueur en bonne condition physique
Dan Sinaté,2026-04-25,25.5,0.32,0.044,0.033,0.0,FAIBLE,🟢,Joueur en bonne condition physique
Clément Lenglet,2026-04-25,42.8,1.52,0.647,0.539,0.0,FAIBLE,🟢,Joueur en bonne condition physique
Christian Mawissa,2026-04-25,20.9,1.29,0.596,0.0,0.0,FAIBLE,🟢,Joueur en bonne condition physique
Obed Vargas,2026-04-25,28.2,0.93,0.378,0.031,0.0,FAIBLE,🟢,Joueur en bonne condition physique
Ibrahima Konaté,2026-04-25,35.0,1.11,1.0,0.54,0.0,FAIBLE,🟢,Joueur en bonne condition physique
Dominik Szoboszlai,2026-04-25,34.1,1.01,0.973,0.54,0.0,FAIBLE,🟢,Joueur en bonne condition physique
Marc Pubill,2026-04-25,31.4,1.14,0.898,0.54,0.0,FAIBLE,🟢,Joueur en bonne condition physique
Ross Barkley,2026-04-25,24.3,0.89,0.693,0.0,0.0,FAIBLE,🟢,Joueur en bonne condition physique
Jonah Kusi-Asare,2026-04-25,23.3,0.74,0.58,0.0,0.0,FAIBLE,🟢,Joueur en bonne condition physique
Marcos Llorente,2026-04-25,26.6,1.09,0.76,0.0,0.0,FAIBLE,🟢,Joueur en bonne condition physique
James Tarkowski,2026-04-25,35.0,0.99,1.0,0.54,0.0,FAIBLE,🟢,Joueur en bonne condition physique
Harrison Armstrong,2026-04-25,38.0,0.06,0.029,0.023,0.0,FAIBLE,🟢,Joueur en bonne condition physique
Ryan Gravenberch,2026-04-25,26.8,0.77,0.724,0.0,0.0,FAIBLE,🟢,Joueur en bonne condition physique
Bradley Barcola,2026-04-25,35.0,0.9,0.571,0.048,0.0,FAIBLE,🟢,Joueur en bonne condition physique
Luke Shaw,2026-04-27,33.7,1.0,0.962,0.54,0.0,FAIBLE,🟢,Joueur en bonne condition physique
Virgil van Dijk,2026-04-25,35.0,1.03,1.0,0.54,0.0,FAIBLE,🟢,Joueur en bonne condition physique
Ilya Zabarnyi,2026-04-25,36.0,1.26,0.6,0.05,0.0,FAIBLE,🟢,Joueur en bonne condition physique
Tom Cairney,2026-04-25,7.2,0.83,0.207,0.0,0.0,FAIBLE,🟢,Joueur en bonne condition physique
Mika Biereth,2026-04-25,13.2,0.57,0.049,0.037,0.0,FAIBLE,🟢,Joueur en bonne condition physique
Antonee Robinson,2026-04-25,26.8,0.57,0.436,0.327,0.0,FAIBLE,🟢,Joueur en bonne condition physique
Samuel Nibombe,2026-04-25,39.0,0.02,0.0,0.023,0.0,FAIBLE,🟢,Joueur en bonne condition physique
Harrison Reed,2026-04-25,31.8,0.32,0.222,0.167,0.0,FAIBLE,🟢,Joueur en bonne condition physique
Désiré Doué,2026-04-25,41.7,0.7,0.62,0.052,0.0,FAIBLE,🟢,Joueur en bonne condition physique
Raul Jimenez,2026-04-25,17.6,1.08,0.504,0.0,0.0,FAIBLE,🟢,Joueur en bonne condition physique
Prosper Peter,2026-04-25,17.4,1.25,0.496,0.0,0.0,FAIBLE,🟢,Joueur en bonne condition physique
Mamadou Coulibaly,2026-04-25,26.9,0.49,0.327,0.245,0.0,FAIBLE,🟢,Joueur en bonne condition physique
Ryan Sessegnon,2026-04-25,16.6,1.24,0.473,0.0,0.0,FAIBLE,🟢,Joueur en bonne condition physique
Emile Smith Rowe,2026-04-25,22.2,1.11,0.633,0.0,0.0,FAIBLE,🟢,Joueur en bonne condition physique
Alex Baena,2026-04-25,40.0,1.32,0.702,0.059,0.0,FAIBLE,🟢,Joueur en bonne condition physique
Joachim Andersen,2026-04-25,35.0,1.06,1.0,0.54,0.0,FAIBLE,🟢,Joueur en bonne condition physique
Nuno Mendes,2026-04-25,21.1,0.71,0.473,0.0,0.0,FAIBLE,🟢,Joueur en bonne condition physique
Aaron Ramsdale,2026-04-25,27.0,0.68,0.6,0.45,0.0,FAIBLE,🟢,Joueur en bonne condition physique
Pablo Ibáñez,2026-04-25,24.4,1.05,0.698,0.0,0.0,FAIBLE,🟢,Joueur en bonne condition physique
Arthur Vermeeren,2026-04-26,14.4,1.21,0.411,0.0,0.0,FAIBLE,🟢,Joueur en bonne condition physique
Aitor Paredes,2026-04-25,12.2,1.07,0.349,0.0,0.0,FAIBLE,🟢,Joueur en bonne condition physique
Endrick,2026-04-25,22.4,1.13,0.64,0.0,0.0,FAIBLE,🟢,Joueur en bonne condition physique
Gorka Guruzeta,2026-04-25,29.3,1.15,0.838,0.54,0.0,FAIBLE,🟢,Joueur en bonne condition physique
Iñaki Williams,2026-04-25,32.8,0.98,0.938,0.54,0.0,FAIBLE,🟢,Joueur en bonne condition physique
Baptiste Santamaria,2026-04-25,39.5,0.01,0.0,0.023,0.0,FAIBLE,🟢,Joueur en bonne condition physique
William Saliba,2026-04-25,35.0,1.05,1.0,0.54,0.0,FAIBLE,🟢,Joueur en bonne condition physique
Abdel Abqar,2026-04-25,20.5,0.83,0.587,0.0,0.0,FAIBLE,🟢,Joueur en bonne condition physique
Noah Nartey,2026-04-25,27.5,0.32,0.1,0.075,0.0,FAIBLE,🟢,Joueur en bonne condition physique
Yves Bissouma,2026-04-25,19.1,1.0,0.547,0.0,0.0,FAIBLE,🟢,Joueur en bonne condition physique
Ainsley Maitland-Niles,2026-04-25,32.1,1.05,0.916,0.54,0.0,FAIBLE,🟢,Joueur en bonne condition physique
Ezri Konsa,2026-04-25,28.0,1.12,0.8,0.0,0.0,FAIBLE,🟢,Joueur en bonne condition physique
Jiří Letáček,2026-04-25,40.0,0.0,0.0,0.023,0.0,FAIBLE,🟢,Joueur en bonne condition physique
Jorge Montes,2026-04-25,39.5,0.01,0.0,0.023,0.0,FAIBLE,🟢,Joueur en bonne condition physique
Tom Negrel,2026-04-25,36.0,0.08,0.0,0.023,0.0,FAIBLE,🟢,Joueur en bonne condition physique
David Soria,2026-04-25,35.0,1.0,1.0,0.54,0.0,FAIBLE,🟢,Joueur en bonne condition physique
Gonçalo Ramos,2026-04-25,28.7,1.44,0.296,0.025,0.0,FAIBLE,🟢,Joueur en bonne condition physique
Andoni Gorosabel,2026-04-25,22.2,1.35,0.6,0.0,0.0,FAIBLE,🟢,Joueur en bonne condition physique
Clinton Mata,2026-04-25,35.0,1.0,1.0,0.54,0.0,FAIBLE,🟢,Joueur en bonne condition physique
Conor Gallagher,2026-04-25,21.1,1.23,0.602,0.0,0.0,FAIBLE,🟢,Joueur en bonne condition physique
Emiliano Buendía,2026-04-25,22.1,1.07,0.631,0.0,0.0,FAIBLE,🟢,Joueur en bonne condition physique
Ousmane Dembélé,2026-04-25,44.8,0.63,0.609,0.507,0.0,FAIBLE,🟢,Joueur en bonne condition physique
Aron Dønnum,2026-04-25,30.7,1.02,0.876,0.54,0.0,FAIBLE,🟢,Joueur en bonne condition physique
David Otorbi,2026-04-25,34.5,0.11,0.0,0.023,0.0,FAIBLE,🟢,Joueur en bonne condition physique
Oscar Marcos,2026-04-25,32.8,1.05,0.938,0.54,0.0,FAIBLE,🟢,Joueur en bonne condition physique
Unai Núñez,2026-04-25,29.9,0.75,0.782,0.0,0.0,FAIBLE,🟢,Joueur en bonne condition physique
Sandro Tonali,2026-04-25,35.0,1.02,1.0,0.54,0.0,FAIBLE,🟢,Joueur en bonne condition physique
Lucas Bergvall,2026-04-25,10.6,0.88,0.302,0.0,0.0,FAIBLE,🟢,Joueur en bonne condition physique
Tommy Setford,2026-04-25,21.0,1.16,0.6,0.0,0.0,FAIBLE,🟢,Joueur en bonne condition physique
El Hadji Malick Diouf,2026-04-25,29.2,1.09,0.833,0.54,0.0,FAIBLE,🟢,Joueur en bonne condition physique
Filip Ugrinić,2026-04-25,21.6,0.77,0.573,0.0,0.0,FAIBLE,🟢,Joueur en bonne condition physique
Roman Yaremchuk,2026-04-25,17.7,1.11,0.507,0.0,0.0,FAIBLE,🟢,Joueur en bonne condition physique
Mathys Tel,2026-04-25,19.8,0.9,0.567,0.0,0.0,FAIBLE,🟢,Joueur en bonne condition physique
Matvey Safonov,2026-04-25,50.0,1.01,1.0,0.6,0.0,FAIBLE,🟢,Joueur en bonne condition physique
Ruben Kluivert,2026-04-25,30.7,0.59,0.576,0.432,0.0,FAIBLE,🟢,Joueur en bonne condition physique
Warren Zaïre-Emery,2026-04-25,40.4,0.84,0.727,0.06,0.0,FAIBLE,🟢,Joueur en bonne condition physique
Lamine Camara,2026-04-25,30.7,0.96,0.878,0.54,0.0,FAIBLE,🟢,Joueur en bonne condition physique
Kepa Arrizabalaga,2026-04-25,32.0,0.16,0.0,0.023,0.0,FAIBLE,🟢,Joueur en bonne condition physique
Emiliano Martinez,2026-04-25,33.7,1.02,0.964,0.54,0.0,FAIBLE,🟢,Joueur en bonne condition physique
Aymeric Laporte,2026-04-25,29.3,0.61,0.567,0.425,0.0,FAIBLE,🟢,Joueur en bonne condition physique
Romain Faivre,2026-04-25,30.8,1.22,0.88,0.54,0.0,FAIBLE,🟢,Joueur en bonne condition physique
Senny Mayulu,2026-04-25,27.5,1.29,0.358,0.03,0.0,FAIBLE,🟢,Joueur en bonne condition physique
Yuri Berchiche,2026-04-25,32.2,0.97,0.92,0.54,0.0,FAIBLE,🟢,Joueur en bonne condition physique
Kai Havertz,2026-04-25,18.1,0.99,0.516,0.0,0.0,FAIBLE,🟢,Joueur en bonne condition physique
Unai Simón,2026-04-25,28.0,1.11,0.8,0.0,0.0,FAIBLE,🟢,Joueur en bonne condition physique
Lucas Beltrán,2026-04-25,20.0,1.07,0.571,0.0,0.0,FAIBLE,🟢,Joueur en bonne condition physique
Dominic Solanke,2026-04-25,23.9,0.91,0.682,0.0,0.0,FAIBLE,🟢,Joueur en bonne condition physique
Guillaume Restes,2026-04-25,28.0,0.96,0.8,0.0,0.0,FAIBLE,🟢,Joueur en bonne condition physique
Yeray Álvarez,2026-04-25,27.5,0.63,0.542,0.407,0.0,FAIBLE,🟢,Joueur en bonne condition physique
Martin Odegaard,2026-04-25,25.4,1.31,0.72,0.0,0.0,FAIBLE,🟢,Joueur en bonne condition physique
Dro Fernández,2026-04-25,35.9,1.74,0.3,0.25,0.0,FAIBLE,🟢,Joueur en bonne condition physique
Pedro Porro,2026-04-25,28.0,1.09,0.8,0.0,0.0,FAIBLE,🟢,Joueur en bonne condition physique
Archie Gray,2026-04-25,29.9,0.47,0.384,0.288,0.0,FAIBLE,🟢,Joueur en bonne condition physique
Maxime López,2026-04-26,14.1,0.95,0.402,0.0,0.0,FAIBLE,🟢,Joueur en bonne condition physique
Jessy Deminguet,2026-04-26,31.5,1.12,0.9,0.54,0.0,FAIBLE,🟢,Joueur en bonne condition physique
Adama Camara,2026-04-26,25.4,1.0,0.727,0.0,0.0,FAIBLE,🟢,Joueur en bonne condition physique
Rudy Matondo,2026-04-26,12.5,1.17,0.356,0.0,0.0,FAIBLE,🟢,Joueur en bonne condition physique
Marshall Munetsi,2026-04-26,28.0,0.73,0.7,0.0,0.0,FAIBLE,🟢,Joueur en bonne condition physique
Nicolas Cozza,2026-04-26,35.0,1.02,1.0,0.54,0.0,FAIBLE,🟢,Joueur en bonne condition physique
Nhoa Sangui,2026-04-26,21.6,1.01,0.618,0.0,0.0,FAIBLE,🟢,Joueur en bonne condition physique
Samir Sophian Chergui,2026-04-26,21.3,0.61,0.336,0.252,0.0,FAIBLE,🟢,Joueur en bonne condition physique
Mohamed Kaba,2026-04-26,32.5,1.03,0.929,0.54,0.0,FAIBLE,🟢,Joueur en bonne condition physique
Luca Koleosho,2026-04-26,18.9,0.97,0.54,0.0,0.0,FAIBLE,🟢,Joueur en bonne condition physique
Lucas Michal,2026-04-26,7.3,0.71,0.08,0.0,0.0,FAIBLE,🟢,Joueur en bonne condition physique
Rémy Cabella,2026-04-26,33.0,0.19,0.071,0.053,0.0,FAIBLE,🟢,Joueur en bonne condition physique
Nico Williams,2026-04-25,21.8,1.1,0.622,0.0,0.0,FAIBLE,🟢,Joueur en bonne condition physique
Jean-Philippe Gbamin,2026-04-26,30.9,0.77,0.84,0.54,0.0,FAIBLE,🟢,Joueur en bonne condition physique
Otávio,2026-04-26,13.3,0.69,0.222,0.167,0.0,FAIBLE,🟢,Joueur en bonne condition physique
Giorgi Abuashvili,2026-04-26,18.4,0.49,0.082,0.062,0.0,FAIBLE,🟢,Joueur en bonne condition physique
Jonathan Fischer,2026-04-26,35.0,0.1,0.0,0.023,0.0,FAIBLE,🟢,Joueur en bonne condition physique
Bouna Sarr,2026-04-26,29.8,1.09,0.851,0.54,0.0,FAIBLE,🟢,Joueur en bonne condition physique
Moustapha Mbow,2026-04-26,28.0,0.92,0.8,0.0,0.0,FAIBLE,🟢,Joueur en bonne condition physique
Mostafa Mohamed,2026-04-26,12.7,1.14,0.364,0.0,0.0,FAIBLE,🟢,Joueur en bonne condition physique
Maxime Lopez,2026-04-26,14.1,0.95,0.402,0.0,0.0,FAIBLE,🟢,Joueur en bonne condition physique
Leonardo Balerdi,2026-04-26,29.0,1.04,0.829,0.54,0.0,FAIBLE,🟢,Joueur en bonne condition physique
Benjamin Pavard,2026-04-26,28.0,1.22,0.8,0.0,0.0,FAIBLE,🟢,Joueur en bonne condition physique
Ilan Kebbal,2026-04-26,15.5,0.8,0.442,0.0,0.0,FAIBLE,🟢,Joueur en bonne condition physique
Facundo Medina,2026-04-26,35.0,1.12,1.0,0.54,0.0,FAIBLE,🟢,Joueur en bonne condition physique
Himad Abdelli,2026-04-26,6.0,1.03,0.171,0.0,0.0,FAIBLE,🟢,Joueur en bonne condition physique
Mason Greenwood,2026-04-26,24.3,0.79,0.68,0.0,0.0,FAIBLE,🟢,Joueur en bonne condition physique
Morgan Rogers,2026-04-25,32.7,1.02,0.933,0.54,0.0,FAIBLE,🟢,Joueur en bonne condition physique
Marli Salmon,2026-04-25,16.9,1.57,0.302,0.227,0.0,FAIBLE,🟢,Joueur en bonne condition physique
Rachid Ghezzal,2026-04-25,6.5,0.78,0.158,0.0,0.0,FAIBLE,🟢,Joueur en bonne condition physique
Jose Gaya,2026-04-25,27.9,1.11,0.798,0.0,0.0,FAIBLE,🟢,Joueur en bonne condition physique
Assane Dioussé,2026-04-25,39.0,0.02,0.0,0.023,0.0,FAIBLE,🟢,Joueur en bonne condition physique
Jeffrey De Lange,2026-04-26,39.5,0.01,0.0,0.023,0.0,FAIBLE,🟢,Joueur en bonne condition physique
Pape Sy,2026-04-26,36.4,1.36,1.0,0.54,0.0,FAIBLE,🟢,Joueur en bonne condition physique
Quinten Timber,2026-04-26,27.2,1.05,0.778,0.0,0.0,FAIBLE,🟢,Joueur en bonne condition physique
Johann Lepenant,2026-04-26,33.7,1.01,0.962,0.54,0.0,FAIBLE,🟢,Joueur en bonne condition physique
Tim Weah,2026-04-26,29.6,0.98,0.847,0.54,0.0,FAIBLE,🟢,Joueur en bonne condition physique
Frédéric Guilbert,2026-04-26,33.4,1.22,0.953,0.54,0.0,FAIBLE,🟢,Joueur en bonne condition physique
Pierre-Emerick Aubameyang,2026-04-26,32.5,1.06,0.929,0.54,0.0,FAIBLE,🟢,Joueur en bonne condition physique
Dehmaine Tabibou,2026-04-26,16.5,0.76,0.413,0.0,0.0,FAIBLE,🟢,Joueur en bonne condition physique
Obed Nkambadio,2026-04-26,9.6,1.41,0.2,0.0,0.0,FAIBLE,🟢,Joueur en bonne condition physique
Ibrahima Sissoko,2026-04-26,25.9,1.41,0.667,0.0,0.0,FAIBLE,🟢,Joueur en bonne condition physique
Frederic Guilbert,2026-04-26,33.4,1.22,0.953,0.54,0.0,FAIBLE,🟢,Joueur en bonne condition physique
Calvin Ramsay,2026-04-26,27.8,1.49,0.667,0.0,0.0,FAIBLE,🟢,Joueur en bonne condition physique
Gerónimo Rulli,2026-04-26,28.0,1.16,0.8,0.0,0.0,FAIBLE,🟢,Joueur en bonne condition physique
Geronimo Rulli,2026-04-26,28.0,1.16,0.8,0.0,0.0,FAIBLE,🟢,Joueur en bonne condition physique
Pierre-Emile Højbjerg,2026-04-26,35.0,0.97,1.0,0.54,0.0,FAIBLE,🟢,Joueur en bonne condition physique
Emerson,2026-04-26,19.5,1.14,0.556,0.0,0.0,FAIBLE,🟢,Joueur en bonne condition physique
Leon Bailey,2026-04-25,12.9,0.61,0.098,0.073,0.0,FAIBLE,🟢,Joueur en bonne condition physique
Djed Spence,2026-04-25,13.4,1.03,0.384,0.0,0.0,FAIBLE,🟢,Joueur en bonne condition physique
Gabriel Martinelli,2026-04-25,17.8,0.94,0.509,0.0,0.0,FAIBLE,🟢,Joueur en bonne condition physique
Rasmus Nicolaisen,2026-04-25,35.0,1.01,1.0,0.54,0.0,FAIBLE,🟢,Joueur en bonne condition physique
Abdon,2026-04-25,7.8,1.57,0.04,0.03,0.0,FAIBLE,🟢,Joueur en bonne condition physique
Tyrick Mitchell,2026-04-25,31.4,0.83,0.898,0.54,0.0,FAIBLE,🟢,Joueur en bonne condition physique
Dayann Methalie,2026-04-25,28.1,1.11,0.804,0.54,0.0,FAIBLE,🟢,Joueur en bonne condition physique
Vedat Muriqi,2026-04-25,35.0,1.01,1.0,0.54,0.0,FAIBLE,🟢,Joueur en bonne condition physique
Pablo Maffeo,2026-04-25,26.9,1.06,0.769,0.0,0.0,FAIBLE,🟢,Joueur en bonne condition physique
Walter Benitez,2026-04-25,30.5,0.19,0.0,0.023,0.0,FAIBLE,🟢,Joueur en bonne condition physique
Ville Koski,2026-04-25,36.0,0.15,0.1,0.075,0.0,FAIBLE,🟢,Joueur en bonne condition physique
Carles Aleñá,2026-04-25,16.2,0.93,0.464,0.0,0.0,FAIBLE,🟢,Joueur en bonne condition physique
Chris Richards,2026-04-25,35.0,1.01,1.0,0.54,0.0,FAIBLE,🟢,Joueur en bonne condition physique
Sverre Nypan,2026-04-25,28.0,1.18,0.8,0.0,0.0,FAIBLE,🟢,Joueur en bonne condition physique
Pau Torres,2026-04-25,35.0,1.17,1.0,0.54,0.0,FAIBLE,🟢,Joueur en bonne condition physique
Rodrigo Bentancur,2026-04-25,32.9,1.07,0.94,0.54,0.0,FAIBLE,🟢,Joueur en bonne condition physique
Jan Virgili,2026-04-25,16.0,1.17,0.456,0.0,0.0,FAIBLE,🟢,Joueur en bonne condition physique
Jefferson Lerma,2026-04-25,23.2,0.73,0.562,0.0,0.0,FAIBLE,🟢,Joueur en bonne condition physique
Johan Mojica,2026-04-25,32.6,1.06,0.931,0.54,0.0,FAIBLE,🟢,Joueur en bonne condition physique
Youssef Enriquez,2026-04-25,22.8,0.64,0.424,0.318,0.0,FAIBLE,🟢,Joueur en bonne condition physique
Matheus Nunes,2026-04-25,35.0,1.1,1.0,0.54,0.0,FAIBLE,🟢,Joueur en bonne condition physique
Will Hughes,2026-04-25,11.0,0.83,0.313,0.0,0.0,FAIBLE,🟢,Joueur en bonne condition physique
Martin Valjent,2026-04-25,35.0,1.0,1.0,0.54,0.0,FAIBLE,🟢,Joueur en bonne condition physique
Emersonn,2026-04-25,25.2,0.83,0.72,0.0,0.0,FAIBLE,🟢,Joueur en bonne condition physique
Genesis Antwi,2026-04-25,28.0,1.05,0.8,0.0,0.0,FAIBLE,🟢,Joueur en bonne condition physique
Guido Rodríguez,2026-04-25,35.0,1.11,1.0,0.54,0.0,FAIBLE,🟢,Joueur en bonne condition physique
Raúl Fernández,2026-04-25,39.5,0.01,0.0,0.023,0.0,FAIBLE,🟢,Joueur en bonne condition physique
Ryan McAidoo,2026-04-25,33.5,1.19,0.958,0.54,0.0,FAIBLE,🟢,Joueur en bonne condition physique
Jérémy Doku,2026-04-25,27.1,0.9,0.773,0.0,0.0,FAIBLE,🟢,Joueur en bonne condition physique
Iván Cuéllar,2026-04-25,40.0,0.0,0.0,0.023,0.0,FAIBLE,🟢,Joueur en bonne condition physique
Nico O'Reilly,2026-04-25,27.9,0.79,0.784,0.0,0.0,FAIBLE,🟢,Joueur en bonne condition physique
Grégoire Swiderski,2026-04-25,40.0,0.0,0.0,0.023,0.0,FAIBLE,🟢,Joueur en bonne condition physique
Rayan Cherki,2026-04-25,32.1,1.17,0.916,0.54,0.0,FAIBLE,🟢,Joueur en bonne condition physique
Antonio Blanco,2026-04-25,33.8,1.0,0.967,0.54,0.0,FAIBLE,🟢,Joueur en bonne condition physique
Brennan Johnson,2026-04-25,15.7,1.09,0.449,0.0,0.0,FAIBLE,🟢,Joueur en bonne condition physique
Denis Suarez,2026-04-25,11.2,1.04,0.32,0.0,0.0,FAIBLE,🟢,Joueur en bonne condition physique
Toni Martínez,2026-04-25,34.2,1.01,0.978,0.54,0.0,FAIBLE,🟢,Joueur en bonne condition physique
Dean Henderson,2026-04-25,35.0,1.06,1.0,0.54,0.0,FAIBLE,🟢,Joueur en bonne condition physique
Rayan Aït-Nouri,2026-04-25,12.6,1.21,0.36,0.0,0.0,FAIBLE,🟢,Joueur en bonne condition physique
Victor Parada,2026-04-25,34.3,1.09,0.98,0.54,0.0,FAIBLE,🟢,Joueur en bonne condition physique
Yéremy Pino,2026-04-25,20.5,1.12,0.587,0.0,0.0,FAIBLE,🟢,Joueur en bonne condition physique
Nahuel Tenaglia,2026-04-25,35.0,1.02,1.0,0.54,0.0,FAIBLE,🟢,Joueur en bonne condition physique
Ángel Pérez,2026-04-25,34.0,1.05,0.971,0.54,0.0,FAIBLE,🟢,Joueur en bonne condition physique
Justin Devenny,2026-04-25,21.9,0.38,0.027,0.023,0.0,FAIBLE,🟢,Joueur en bonne condition physique
Leo Román,2026-04-25,35.0,1.0,1.0,0.54,0.0,FAIBLE,🟢,Joueur en bonne condition physique
Bernardo Silva,2026-04-25,29.8,0.77,0.809,0.54,0.0,FAIBLE,🟢,Joueur en bonne condition physique
Cesc Riba,2026-04-25,40.0,0.0,0.0,0.023,0.0,FAIBLE,🟢,Joueur en bonne condition physique
Nathaniel Clyne,2026-04-25,37.5,0.05,0.0,0.023,0.0,FAIBLE,🟢,Joueur en bonne condition physique
Ibrahim Diabaté,2026-04-25,22.4,1.26,0.64,0.0,0.0,FAIBLE,🟢,Joueur en bonne condition physique
Egoitz Muñoz,2026-04-25,36.5,0.21,0.2,0.15,0.0,FAIBLE,🟢,Joueur en bonne condition physique
Jean Philippe Mateta,2026-04-25,19.7,1.02,0.564,0.0,0.0,FAIBLE,🟢,Joueur en bonne condition physique
Álex Berenguer,2026-04-25,28.2,0.68,0.633,0.475,0.0,FAIBLE,🟢,Joueur en bonne condition physique
César Tárrega,2026-04-25,35.9,1.34,1.0,0.54,0.0,FAIBLE,🟢,Joueur en bonne condition physique
Cristian Rivero,2026-04-25,40.0,0.0,0.0,0.023,0.0,FAIBLE,🟢,Joueur en bonne condition physique
Tomáš Souček,2026-04-25,35.0,0.99,1.0,0.54,0.0,FAIBLE,🟢,Joueur en bonne condition physique
Micky van de Ven,2026-04-25,31.5,1.08,0.9,0.54,0.0,FAIBLE,🟢,Joueur en bonne condition physique
Adrian Liso,2026-04-25,21.5,0.62,0.358,0.268,0.0,FAIBLE,🟢,Joueur en bonne condition physique
Umar Sadiq,2026-04-25,21.1,1.16,0.604,0.0,0.0,FAIBLE,🟢,Joueur en bonne condition physique
Gabriel Jesus,2026-04-25,26.0,0.32,0.056,0.042,0.0,FAIBLE,🟢,Joueur en bonne condition physique
Eberechi Eze,2026-04-25,24.2,0.95,0.691,0.0,0.0,FAIBLE,🟢,Joueur en bonne condition physique
Dani Raba,2026-04-25,33.0,0.14,0.0,0.023,0.0,FAIBLE,🟢,Joueur en bonne condition physique
Crysencio Summerville,2026-04-25,32.9,1.03,0.94,0.54,0.0,FAIBLE,🟢,Joueur en bonne condition physique
Djene Dakonam,2026-04-25,33.0,0.99,0.944,0.54,0.0,FAIBLE,🟢,Joueur en bonne condition physique
Renzo Saravia,2026-04-25,15.9,1.48,0.333,0.0,0.0,FAIBLE,🟢,Joueur en bonne condition physique
Piero Hincapié,2026-04-25,26.6,1.16,0.76,0.0,0.0,FAIBLE,🟢,Joueur en bonne condition physique
Javi Munoz,2026-04-25,1.7,0.82,0.049,0.0,0.0,FAIBLE,🟢,Joueur en bonne condition physique
Kang-in Lee,2026-04-25,25.4,1.3,0.296,0.025,0.0,FAIBLE,🟢,Joueur en bonne condition physique
Noni Madueke,2026-04-25,24.8,1.26,0.709,0.0,0.0,FAIBLE,🟢,Joueur en bonne condition physique
Gabriel Magalhães,2026-04-25,35.0,1.02,1.0,0.54,0.0,FAIBLE,🟢,Joueur en bonne condition physique
Largie Ramazani,2026-04-25,32.6,1.09,0.931,0.54,0.0,FAIBLE,🟢,Joueur en bonne condition physique
Richarlison,2026-04-25,20.8,0.88,0.593,0.0,0.0,FAIBLE,🟢,Joueur en bonne condition physique
Brando Bailey-Joseph,2026-04-25,22.3,1.06,0.636,0.0,0.0,FAIBLE,🟢,Joueur en bonne condition physique
Nico Serrano,2026-04-25,31.4,0.2,0.04,0.03,0.0,FAIBLE,🟢,Joueur en bonne condition physique
Javier Guerra,2026-04-25,19.2,0.98,0.549,0.0,0.0,FAIBLE,🟢,Joueur en bonne condition physique
Cristhian Mosquera,2026-04-25,13.9,0.8,0.396,0.0,0.0,FAIBLE,🟢,Joueur en bonne condition physique
Leandro Trossard,2026-04-25,32.8,0.36,0.309,0.232,0.0,FAIBLE,🟢,Joueur en bonne condition physique
Iñigo Ruiz de Galarreta,2026-04-25,23.9,1.11,0.684,0.0,0.0,FAIBLE,🟢,Joueur en bonne condition physique
Stole Dimitrievski,2026-04-25,35.0,1.0,1.0,0.54,0.0,FAIBLE,🟢,Joueur en bonne condition physique
Adrián Riquelme,2026-04-25,40.0,0.0,0.0,0.023,0.0,FAIBLE,🟢,Joueur en bonne condition physique
Veljko Birmančević,2026-04-25,12.7,1.1,0.362,0.0,0.0,FAIBLE,🟢,Joueur en bonne condition physique
Souza,2026-04-25,27.0,0.43,0.242,0.182,0.0,FAIBLE,🟢,Joueur en bonne condition physique
Eric Dier,2026-04-25,20.2,0.42,0.033,0.025,0.0,FAIBLE,🟢,Joueur en bonne condition physique
Moussa Niakhaté,2026-04-25,35.0,1.04,1.0,0.54,0.0,FAIBLE,🟢,Joueur en bonne condition physique
Corentin Tolisso,2026-04-25,28.5,0.73,0.713,0.0,0.0,FAIBLE,🟢,Joueur en bonne condition physique
Dani Vivian,2026-04-25,29.2,0.91,0.833,0.54,0.0,FAIBLE,🟢,Joueur en bonne condition physique
Antonín Kinský,2026-04-25,32.8,1.8,0.6,0.45,0.0,FAIBLE,🟢,Joueur en bonne condition physique
André Almeida,2026-04-25,15.3,0.74,0.351,0.0,0.0,FAIBLE,🟢,Joueur en bonne condition physique
Allan Nyom,2026-04-25,5.3,0.71,0.022,0.0,0.0,FAIBLE,🟢,Joueur en bonne condition physique
Ceadach O'Neill,2026-04-25,14.2,1.31,0.4,0.0,0.0,FAIBLE,🟢,Joueur en bonne condition physique
Alex Padilla,2026-04-25,37.5,0.05,0.0,0.023,0.0,FAIBLE,🟢,Joueur en bonne condition physique
Jarrod Bowen,2026-04-25,32.7,1.03,0.933,0.54,0.0,FAIBLE,🟢,Joueur en bonne condition physique
John McGinn,2026-04-25,30.9,1.09,0.884,0.54,0.0,FAIBLE,🟢,Joueur en bonne condition physique
Luis Vázquez,2026-04-25,26.7,0.88,0.764,0.0,0.0,FAIBLE,🟢,Joueur en bonne condition physique
Nicolas Tagliafico,2026-04-25,30.3,0.7,0.724,0.54,0.0,FAIBLE,🟢,Joueur en bonne condition physique
Jadon Sancho,2026-04-25,27.5,0.55,0.429,0.322,0.0,FAIBLE,🟢,Joueur en bonne condition physique
Abner Vinícius,2026-04-25,28.0,1.1,0.8,0.0,0.0,FAIBLE,🟢,Joueur en bonne condition physique
Ben White,2026-04-25,21.1,1.12,0.604,0.0,0.0,FAIBLE,🟢,Joueur en bonne condition physique
Youri Tielemans,2026-04-25,32.5,1.05,0.929,0.54,0.0,FAIBLE,🟢,Joueur en bonne condition physique
Kévin Danois,2026-04-25,29.0,0.98,0.829,0.54,0.0,FAIBLE,🟢,Joueur en bonne condition physique
Rémy Descamps,2026-04-25,35.5,0.09,0.0,0.023,0.0,FAIBLE,🟢,Joueur en bonne condition physique
Urko Izeta,2026-04-25,35.8,0.1,0.024,0.023,0.0,FAIBLE,🟢,Joueur en bonne condition physique
Kevin Danso,2026-04-25,19.0,1.23,0.544,0.0,0.0,FAIBLE,🟢,Joueur en bonne condition physique
,,,,,,0.0,FAIBLE,🟢,Joueur en bonne condition physique
